aid,view,danmaku,reply,favorite,coin,share,like,dislike,no_reprint,copyright
83697364,2875408,6707,3336,191751,253732,9565,287269,0,1,1
83504357,3232676,46689,8988,71825,256396,12411,333928,0,1,1
83699879,1157403,14674,4534,62814,190564,13903,170870,0,1,1
83422239,2339481,12612,5672,74811,95783,17496,204413,0,1,1
83906533,733642,2797,1859,32899,77418,12033,92124,0,1,1
83613340,1241581,2075,4281,19419,37529,2204,148244,0,1,1
83673508,882940,14058,2144,14561,21147,7191,50229,0,1,1
80849923,2334713,33170,4283,233725,323363,23342,273360,0,1,1
83755738,396323,833,874,24636,30101,1301,39186,0,1,1
83647477,319081,949,594,24037,17773,1995,31898,0,1,1
83285530,694984,1582,399,18414,6576,4093,27496,0,1,1
82738885,3429979,15893,3640,200946,263377,110266,303239,0,1,1
83094242,991875,1624,1003,29649,20147,1034,46751,0,1,1
83683604,598732,877,644,11792,9818,4495,40340,0,1,1
82976636,2313143,6229,4310,88511,168281,15455,220817,0,1,1
83330868,1033919,1737,636,22902,29254,6166,59204,0,1,1
83681660,243845,792,691,17163,11704,1360,18253,0,1,1
83540941,604759,1377,812,6035,14183,359,42398,0,1,1
83776204,196960,7021,2426,17245,33529,1262,38573,0,1,1
83805672,292282,499,717,13992,20206,892,31675,0,1,1
83518206,433153,1702,793,9624,35026,481,59454,0,1,1
83470839,351531,1284,688,17570,17175,1098,34735,0,1,1
83265639,800525,3005,1835,28797,48762,18211,82333,0,1,1
83702902,230800,1228,1115,8830,13002,819,24911,0,1,1
83667579,187363,2204,501,11378,20120,2086,24732,0,1,1
83957485,227107,1273,1532,10566,21978,1059,28000,0,1,1
83337692,470229,1311,1981,30282,75892,3666,69570,0,1,1
83097729,424692,19336,1418,11777,14190,2060,49430,0,1,1
77242567,1710584,3258,2920,138882,162482,5695,182867,0,1,1
83764373,213469,197,463,7169,11798,983,25564,0,1,1
83800507,357169,1298,581,5849,13088,275,36105,0,1,1
83574498,276882,382,279,5720,6405,2764,18645,0,1,1
83442210,195798,404,393,14690,10701,616,17526,0,1,1
82473138,2250801,4197,1942,119081,90271,7040,127813,0,1,1
75169619,8433386,38998,8720,537304,856763,27392,806160,0,1,1
83448238,640185,648,878,2818,2645,2089,27069,0,1,1
83740989,125637,298,302,10982,5007,846,17179,0,1,1
83572048,132757,3407,792,8687,10771,421,12639,0,1,1
83883005,142582,723,423,11469,6843,839,16014,0,1,1
83752212,249893,90,333,5290,3253,2828,13682,0,1,1
83780855,305530,423,657,7036,8291,2079,22866,0,1,1
79126156,3475723,10103,3643,195083,426721,17730,394379,0,1,1
83790361,273677,580,321,4776,4186,2965,17657,0,1,1
83519974,263474,1339,566,6019,2107,146,14057,0,1,1
83325225,166317,2351,768,18785,25901,1351,26888,0,1,1
82508014,1750465,5427,3213,60198,114309,2228,145780,0,1,1
83841473,268318,219,1062,6895,7206,5959,15284,0,1,1
78273046,4626534,82348,24017,330083,272567,24433,297624,0,1,1
83223951,482104,1552,1203,24527,23381,12940,46180,0,1,1
83740712,227676,447,464,3696,2000,2252,11858,0,1,1
83573851,219089,634,600,3944,8723,359,22001,0,1,1
81507945,843215,7952,1631,65262,109997,5730,84536,0,1,1
83553025,134498,494,520,7321,7243,513,16858,0,1,1
83568756,191676,900,948,6934,2811,3564,7891,0,0,2
79906468,1078582,4784,1332,93807,97117,4950,120184,0,1,1
83473712,183163,169,431,5639,1887,307,8342,0,1,1
39425207,11166737,87157,16622,938059,1056266,148384,918943,0,1,1
83634368,175429,1287,553,3510,5188,425,11312,0,1,1
83398082,473082,1957,1000,16613,34466,2407,51989,0,1,1
82683537,945265,2357,1315,33303,59817,2056,74223,0,1,1
83899298,197723,9914,1439,3193,5068,835,13781,0,1,1
82079608,881683,2992,1167,34097,44150,1476,75259,0,1,1
81926477,827184,3267,1473,56302,46132,9192,66616,0,1,1
83547828,271573,2579,3070,3332,5359,820,17367,0,1,1
82009420,373824,2178,1356,18030,19838,1061,32493,0,1,1
82567937,1377221,12427,3774,53490,44245,67347,116192,0,0,2
83789352,79404,767,247,8475,4826,385,11490,0,1,1
83735887,96488,156,166,6463,1370,1082,9544,0,0,2
82300809,1805458,1065,2707,39172,34326,10765,98643,0,1,1
81844032,1693794,8645,3903,58343,42657,7717,141766,0,1,1
83073398,299900,835,334,18277,24085,1408,28672,0,1,1
83309428,87118,353,383,15835,10986,743,16448,0,1,1
83474778,220039,1669,1393,3302,9718,1587,25300,0,1,1
52026743,5523863,29322,8321,251129,331596,26203,392763,0,1,1
83544952,149090,171,620,2965,2069,390,8860,0,1,1
82134612,441542,1104,365,17810,16047,1009,52354,0,1,1
80474667,1840432,4974,3661,129227,201533,54664,207501,0,1,1
81303286,1632968,1666,693,35145,45473,8248,95206,0,1,1
81588796,1484660,14742,3690,55390,40014,46806,129439,0,0,2
82761114,1771388,12011,10519,121555,204025,22970,156245,0,0,1
75467710,2917520,24869,3326,121363,101494,13481,175661,0,1,1
83834165,102283,144,278,5847,3353,631,12496,0,1,1
83912690,77419,281,265,5888,5825,1104,10364,0,1,1
83365275,227311,928,230,7241,3412,210,10601,0,1,1
83720147,155078,315,400,1882,1600,434,10346,0,0,2
83187924,191824,256,489,2604,3766,878,10684,0,1,1
79272755,4081246,66420,8297,317777,523704,32438,398138,0,1,1
81339241,1139774,2236,1164,26157,20233,4595,69817,0,1,1
83196435,572201,1150,851,6878,71972,685,80394,0,1,1
83906719,109251,384,224,4320,8437,319,14192,0,1,1
83200140,120048,559,433,10772,10131,319,20226,0,1,1
83878621,78431,1046,488,4186,11681,65,13879,0,1,1
83450606,106570,317,153,5064,2497,282,6372,0,1,1
81821077,931039,1318,645,16860,7035,6365,39704,0,0,2
76450312,3610845,25093,4814,294668,542188,27239,495972,0,1,1
83842977,168477,206,231,2345,2427,1028,8638,0,1,1
83629008,142030,1987,495,2714,731,870,7797,0,1,1
83697950,87752,169,316,4164,4302,1287,6212,0,1,1
81899533,1084831,2590,4657,69218,142750,12398,110099,0,1,1
81664816,306536,1601,698,32350,25937,2705,37534,0,1,1
83593642,330950,1879,1571,22091,61397,1531,51110,0,1,1
83328134,347254,1104,895,11121,9573,626,25230,0,1,1
83700483,529347,2046,2499,4037,10744,819,27402,0,1,1
82807944,371946,2253,757,6931,4838,750,19686,0,1,1
82570805,850393,1817,791,64475,44016,5637,78725,0,1,1
83857329,111056,508,648,6628,7176,500,12363,0,1,1
82713853,917564,1907,2389,48634,69103,14439,106092,0,1,1
81804927,2372834,5896,1685,44875,20835,2083,119174,0,1,1
83346215,212241,420,369,5326,8863,1312,17146,0,1,1
83794429,114294,267,298,4044,2381,128,6761,0,1,1
83355223,434887,873,799,7536,19028,454,33377,0,1,1
81573037,543835,710,317,20304,20060,943,36009,0,1,1
83432515,210352,216,275,79,22,26,881,0,1,1
80983081,507001,2184,637,24302,47804,1393,57667,0,1,1
71601833,6244596,9517,2322,155529,199029,35893,288109,0,1,1
82696444,246332,640,632,16560,15865,840,31043,0,1,1
83745377,92482,260,335,942,1572,76,5361,0,1,1
80995223,126959,2415,455,9929,2026,520,10303,0,1,1
82548584,168623,776,260,10557,12526,1228,15949,0,1,1
80275194,762137,652,430,24727,25570,980,57763,0,1,1
80136937,472401,2113,1120,18403,23453,3556,42886,0,1,1
83419049,43754,1204,383,3707,2902,149,6324,0,1,1
45973690,6978309,133350,16391,433430,488210,85690,615601,0,1,1
83495907,64640,551,446,716,914,24,4468,0,1,1
83676067,37460,483,269,1753,1880,103,3808,0,1,1
83652223,63530,603,398,424,592,129,5288,0,1,1
33150931,2635499,586,299,12119,2257,1940,16734,0,1,1
70859103,1514458,5619,1241,28799,34821,2685,73569,0,1,1
80821264,316914,767,344,19060,17258,1383,31020,0,1,1
83737568,52995,31,123,426,203,74,5560,0,1,1
83611998,20933,178,175,1546,1261,110,2021,0,1,1
81457688,375114,2464,528,5348,5964,771,41048,0,1,1
81843519,493679,1472,663,15796,27405,1717,46191,0,1,1
77937578,472822,624,222,11057,2161,379,9418,0,1,1
50409954,778934,128,529,201,62,31,849,0,1,1
82243171,126356,184,272,5920,4749,224,14411,0,1,1
81685929,252808,829,1029,7527,15144,1192,14079,0,1,1
15296402,1945877,1726,591,1529,688,292,3974,0,1,1
83509601,70803,157,147,178,84,24,1655,0,1,1
71565603,1278500,3138,776,56085,61117,8366,99955,0,1,1
81865219,1333246,1742,1079,12855,16951,2077,55657,0,1,1
83698368,30505,170,169,669,568,105,2667,0,1,1
41048301,2630478,39205,2995,69160,37404,6349,86074,0,1,1
82906512,102548,277,279,2430,4374,363,6839,0,1,1
81726496,547119,1696,666,6779,4681,639,35465,0,1,1
81724657,490822,292,301,5583,3027,430,13942,0,1,1
81842793,284594,2675,1032,9550,23929,777,25151,0,0,1
83569653,51739,1019,773,874,3808,110,3583,0,1,1
80082886,148735,113,149,3478,1070,308,7601,0,1,1
83856887,38980,53,192,271,166,17,2467,0,1,1
42169792,1186330,2111,312,74,825,856,585,0,1,1
29016659,1554976,3758,1301,22361,7131,2699,22008,0,1,1
83123541,46297,258,325,1759,3339,90,4311,0,1,1
81484374,46972,775,186,3604,1109,1000,6321,0,1,1
83039375,206240,119,109,1480,393,60,8185,0,1,1
73414180,1218802,1524,850,53635,62502,4527,96255,0,1,1
81631256,380906,1226,1058,2696,1055,963,4423,0,1,1
76559715,813637,4314,2383,55354,76077,8077,80220,0,1,1
77540232,391845,1799,556,30695,21288,2546,35426,0,1,1
82815448,54733,72,48,92,50,22,296,0,1,1
81259784,54537,128,34,217,157,51,1062,0,1,1
71045160,890898,1657,751,42687,42586,3127,74852,0,1,1
83987369,63600,179,609,365,523,92,3585,0,1,1
79935157,618278,794,494,17624,17414,1247,30757,0,1,1
82760258,335333,969,1612,1430,1362,76,11016,0,1,1
83923803,26490,439,608,1000,399,103,2371,0,1,1
82605337,272286,2273,3623,1828,5501,443,9818,0,1,1
81516449,301596,365,356,4460,5323,229,15697,0,1,1
83267572,32100,187,233,1403,439,83,2380,0,1,1
81920663,187930,100,195,1589,768,125,3668,0,1,1
78935442,678041,1499,1090,22282,10650,939,32226,0,1,1
82913645,253112,239,355,2088,1848,279,9016,0,1,1
76431087,411098,1263,519,26012,6277,2052,34348,0,0,2
60880007,368443,1781,383,22019,17719,2157,31576,0,1,1
82064362,268987,315,227,3783,1584,205,18056,0,1,1
79070585,404694,6749,1377,7011,6970,501,12965,0,1,1
79749856,282019,411,213,2956,1113,190,6860,0,1,1
83471715,25663,55,72,433,347,14,1921,0,1,1
82978670,93143,272,615,525,155,67,1797,0,1,1
81606400,760784,215,882,1128,163,183,11834,0,0,2
76540057,207252,2183,457,23774,16725,3392,28459,0,1,1
81658916,214016,443,249,4925,3109,442,12184,0,1,1
83772759,17205,147,117,344,209,9,2089,0,1,1
83538054,17137,314,89,624,206,59,1080,0,1,1
83745753,14893,96,75,500,502,18,1092,0,1,1
83681674,27266,56,71,31,16,1,432,0,1,1
78912279,621112,1012,439,9523,7134,1932,18037,0,1,1
81417175,224665,2609,983,3967,3644,119,13520,0,1,1
83954984,8423,1383,178,741,600,59,1588,0,1,1
77716483,755653,641,215,12162,7028,1152,23754,0,1,1
63760741,3438125,30680,13459,775,48898,4749,3547,0,1,1
62284484,1022071,4312,3717,7229,10102,452,31772,0,1,1
73865859,754970,1263,494,11555,7783,1087,38034,0,1,1
66827555,137475,8544,254,11385,4950,1125,12953,0,1,1
32610975,869572,283,357,902,110,996,1523,0,0,2
83770573,11166,108,96,468,328,19,1224,0,1,1
83075773,103483,93,222,115,29,36,691,0,1,1
10227864,3386911,201651,10927,113667,77704,13147,63172,0,0,1
81163163,216881,1245,697,10124,12648,750,16279,0,1,1
82493428,119227,217,238,1221,720,88,7986,0,1,1
83482660,732156,2515,1214,44552,64405,3961,74240,0,1,1
83307047,806514,16578,1330,52810,64604,3889,60419,0,1,1
83422028,1087930,7535,4752,34921,39705,23186,68034,0,1,1
81000061,1088396,14023,2719,121112,195811,8817,178475,0,1,1
83500056,515879,717,911,16323,16093,1259,33317,0,1,1
83803854,165854,1371,1631,25678,30498,3624,28413,0,1,1
80128837,2339548,6285,3597,247684,215290,42496,252368,0,1,1
83816199,284462,2849,1686,10582,20285,4038,31961,0,1,1
82724544,3308472,70608,6798,123189,111537,18992,127811,0,0,1
80702836,2893002,5708,1870,164656,243963,18681,226991,0,1,1
83276582,402240,546,568,7982,5359,1724,12531,0,1,1
83462504,234159,1485,1685,16883,34886,3350,30118,0,1,1
83735098,363050,1336,1218,5785,12166,612,35196,0,1,1
83193619,1223311,2911,3253,20020,4895,16136,41682,0,0,2
83896647,204931,1299,1831,9457,14831,1140,25477,0,1,1
83455107,94811,854,1515,13287,14426,1747,15221,0,1,1
83341369,408028,1397,1370,30626,39380,4663,41260,0,1,1
80964216,1711749,4990,7613,112879,158402,14463,231352,0,1,1
82014020,2184526,4482,2082,84069,110979,31276,177300,0,1,1
81160313,525398,2191,1297,41570,40770,8142,55353,0,1,1
83602606,274739,586,430,3284,2698,961,5582,0,1,1
81084520,976117,4106,1939,58509,108007,5635,125260,0,1,1
80697473,748393,354,436,2070,745,104,8503,0,1,1
80929385,3939549,24755,8742,133217,192115,116580,271598,0,1,1
83534401,301827,411,504,2298,412,128,7900,0,0,1
83795543,105999,1235,1277,7903,12965,1465,14579,0,1,1
83834232,87264,843,974,6754,10519,629,16949,0,1,1
82471245,1867032,833,329,3203,400,336,24783,0,1,1
81437161,592050,922,1218,28655,30616,2326,51247,0,1,1
45031807,9318466,6088,7908,361045,103517,40785,248438,0,0,2
38571069,2486631,15111,6515,145769,135366,27283,125207,0,1,1
82775245,425850,591,992,31869,36181,4286,41936,0,1,1
83735720,124925,486,488,3295,9992,469,23675,0,1,1
67439251,8047424,30794,11277,333320,599073,92017,614637,0,1,1
79240553,1672521,3330,2473,140359,146560,9243,175527,0,0,1
82927321,628429,900,1487,28517,34492,5115,53684,0,1,1
83774561,44401,398,994,6973,8367,1470,8805,0,1,1
83765590,124204,3856,1384,2020,10917,478,15504,0,1,1
82331929,1723107,7745,5978,58773,102718,43964,147827,0,1,1
82093827,1543387,5101,2100,36293,78044,4688,117932,0,1,1
83828800,50510,385,504,7258,8106,586,10094,0,1,1
83910145,125691,410,406,4727,4182,1879,6854,0,1,1
82741699,555016,8859,3639,37833,42555,9912,75498,0,1,1
83725248,53879,1480,1486,5402,9329,825,11186,0,1,1
83686113,62841,477,303,5215,7339,538,8719,0,1,1
83096707,318420,658,701,3838,3813,1761,21094,0,1,1
76088106,2912358,23087,12488,131566,43095,58306,137959,0,0,2
81650230,2421460,2364,987,33497,45878,1256,54593,0,1,1
80169175,494481,1321,660,53360,17161,2931,41207,0,0,2
64812845,5960625,40460,6516,292610,148369,79953,417710,0,0,2
78996367,1571417,2206,1525,30179,13215,4058,72519,0,0,2
83511426,162987,1165,836,2239,13231,758,24551,0,1,1
81162680,216288,178,121,578,67,89,1101,0,1,1
67095143,3521382,16344,5924,129215,59806,18889,189343,0,0,2
83394210,167675,479,162,963,118,498,1338,0,1,1
81753697,1100967,2875,2083,29640,86917,4099,92905,0,1,1
83574920,167330,122,76,231,20,14,1587,0,1,1
83989002,60427,530,612,5795,7071,1089,7432,0,1,1
36945064,10101631,223821,25735,291116,118145,155320,354535,0,0,2
83244250,187684,956,967,8787,16571,1374,19581,0,1,1
82591115,1107762,7750,3046,2828,730,2683,9513,0,1,1
81002325,148642,5913,917,28432,23998,3908,23782,0,1,1
80108309,848299,12742,1431,63748,119813,9853,94263,0,1,1
73651064,2855171,7444,3528,94531,172100,8554,218894,0,1,1
80110777,1174462,1346,2036,33903,71807,3093,98314,0,1,1
80985232,511529,2445,922,32332,51187,2255,62702,0,1,1
83870480,50267,304,477,5096,6114,781,8516,0,1,1
31312340,3041813,48434,5851,179220,152292,41214,318391,0,0,2
81093863,763544,2138,1454,41849,41015,7807,52553,0,1,1
79193589,3378784,4254,2157,172622,157104,16573,236966,0,1,1
83564795,67276,256,273,3220,3386,294,8067,0,1,1
83839472,62852,314,434,3331,3553,343,8774,0,1,1
78245445,731320,2603,1465,49172,19500,7181,56560,0,0,2
69481948,2976164,23845,5944,72922,23175,20185,111755,0,0,2
83874383,83978,383,239,2870,463,355,3967,0,0,2
83641073,55638,296,354,3260,4500,482,5400,0,1,1
75965449,5340197,94412,44938,209903,196085,132971,197041,0,1,1
83540760,81060,411,379,3222,4716,416,8761,0,1,1
83642402,62844,10467,1373,2812,3854,1684,3867,0,1,1
83862726,102392,475,514,1242,4759,136,11441,0,1,1
79016506,2506818,7352,4565,61622,161399,24576,194376,0,1,1
83528744,143586,89,70,289,49,7,619,0,1,1
83693987,31244,288,750,4100,3944,416,7300,0,1,1
83019019,413388,1636,2634,21426,10088,7156,23533,0,0,2
83683501,128558,157,93,321,336,29,2311,0,1,1
36570568,5033028,54931,289564,228575,278221,61306,222509,0,0,1
83356696,202071,274,372,3117,930,347,7782,0,0,2
80321221,1608132,592,1347,28995,41159,11736,95446,0,1,1
83630934,63524,144,316,2451,3008,406,4941,0,1,1
80941306,1134880,2684,2088,56619,80847,4276,83218,0,1,1
80323702,871167,1894,968,70502,14652,7036,66814,0,0,2
77680413,3780835,25236,10096,146137,258031,85523,282122,0,1,1
82239830,643917,5887,2579,21873,11145,11439,27227,0,0,2
81391529,277442,670,628,17542,21324,2665,27926,0,1,1
80081842,1051279,2110,1559,35112,50707,4207,88345,0,1,1
83347316,78037,1147,793,8350,12761,2356,14570,0,1,1
81674534,315115,914,1066,16756,26874,2444,31938,0,1,1
82872373,128069,742,798,11129,9653,1239,14681,0,1,1
83889836,85122,628,162,1353,997,531,7161,0,1,1
83711136,514961,630,1179,32441,13188,1877,17848,0,1,1
83704889,657880,1977,2594,16169,17956,1830,34004,0,1,1
83587000,360543,219,503,15538,3997,410,8600,0,1,1
53851218,48481594,253668,39483,1416061,813202,1007724,1588891,0,0,2
83424274,1076607,1508,923,13862,5740,1617,21501,0,1,1
83564156,423442,490,996,7338,3326,1889,9856,0,1,1
82837041,2222362,2124,1629,46953,17928,2312,33097,0,1,1
83326442,234030,712,729,5544,1934,213,6450,0,1,1
83884552,253051,2048,1798,2928,14108,1125,27748,0,1,1
83450119,206589,300,396,12172,5460,554,9196,0,1,1
83797309,125192,133,284,6800,2235,199,5682,0,1,1
83810795,144159,771,533,3566,13917,843,29926,0,1,1
81232875,2662340,7379,4556,71603,100684,13425,113494,0,1,1
83435844,262355,215,444,13265,4091,338,7747,0,1,1
82351250,1256959,2855,1047,17421,10141,8831,43441,0,1,1
78441309,7726629,44042,10842,272817,425561,143157,495288,0,1,1
83504715,226203,634,516,4818,6552,380,12753,0,1,1
83657624,80098,350,474,4495,5282,304,7547,0,1,1
78015608,1673976,15542,4991,37604,18579,89797,82278,0,0,2
82868318,601962,373,1322,9332,3513,471,15549,0,1,1
83684891,69652,94,148,4638,1034,79,3254,0,1,1
80749990,633578,1977,1016,14944,31668,4790,54493,0,1,1
83528168,82734,491,365,2667,8674,460,9292,0,1,1
71816014,9610060,17041,6736,147175,60574,27625,106316,0,1,1
83566242,140935,423,475,4143,4020,563,8520,0,1,1
83910440,88159,159,303,3886,1247,181,4697,0,1,1
83683348,62533,118,310,3741,2494,167,5996,0,1,1
83471258,61885,95,132,4546,696,58,1966,0,1,1
83798474,81615,247,551,2364,2309,73,5456,0,1,1
82167088,52491,265,331,2998,4663,110,6036,0,1,1
83721351,113818,247,215,735,73,221,1135,0,0,2
83687317,74952,190,648,2244,1362,103,3880,0,1,1
83136589,186131,92,245,3634,685,82,2670,0,1,1
83833400,54870,156,253,3872,1302,63,2769,0,1,1
83543668,88097,24,87,4749,531,55,1863,0,1,1
83376276,262917,882,856,4460,7333,793,21126,0,1,1
79629447,2717760,1828,1254,59277,11647,6351,86679,0,0,2
76521911,233908,293,421,42140,12211,727,13242,0,1,1
80756558,494153,502,700,30615,16090,1489,22039,0,1,1
83907768,42675,70,156,3103,1650,58,3413,0,1,1
83400718,109766,206,206,2783,958,651,4103,0,0,2
83693892,59508,147,199,1817,308,163,3100,0,0,2
83231746,94652,345,284,6703,4304,984,9433,0,1,1
83670992,37156,83,395,2886,815,28,2189,0,1,1
83833325,35560,65,165,2669,889,70,2301,0,1,1
83604335,31574,27,76,2855,481,33,1493,0,1,1
83628748,66731,890,286,1127,2039,119,6262,0,1,1
83543320,74509,1278,933,1728,3096,279,3807,0,1,1
10357547,8747862,44699,4802,233116,17835,79281,64024,0,0,2
83709108,81500,218,207,868,828,224,4590,0,1,1
83611751,43558,357,316,1693,2445,194,5544,0,1,1
83152449,285449,186,370,10735,2976,477,5994,0,1,1
83376178,134014,141,188,5709,1726,116,4823,0,1,1
56838232,401442,544,99,9296,552,885,3820,0,0,2
82584721,244634,1205,1022,22331,4639,5891,19786,0,0,2
83125976,317197,175,245,161,106,39,1161,0,1,1
39998869,6858815,48325,9254,105205,72953,43827,141600,0,0,1
83634637,22539,186,90,2356,317,27,1123,0,1,1
83642682,22104,10,66,2221,290,29,1136,0,1,1
83692115,34052,47,105,1996,481,67,1311,0,0,1
83901072,57439,101,353,3080,1749,130,3389,0,1,1
83176990,189949,94,262,8546,1419,151,4062,0,1,1
81876140,595313,300,588,9690,5749,524,18882,0,1,1
83629884,25186,88,172,1977,555,22,1409,0,1,1
83622671,38619,49,108,1370,389,341,2172,0,1,1
83309263,232737,2235,1452,2330,6039,1501,9878,0,0,1
65271440,2111737,1018,1030,100537,17829,13530,76139,0,0,2
70117683,2472583,9325,5825,51820,54215,73674,92477,0,1,1
83070304,220097,218,142,6822,533,726,5725,0,0,2
83322979,43441,57,136,2392,329,42,1269,0,1,1
83545539,37900,47,89,2695,370,36,1419,0,1,1
81613214,435258,373,478,7240,987,581,6167,0,0,2
83428007,29829,81,159,1788,664,23,1709,0,1,1
83781575,55550,138,126,986,324,52,1868,0,1,1
83515986,43785,26,265,2843,652,42,1614,0,1,1
81598224,1373779,2096,2874,8353,12450,1434,35245,0,1,1
83971978,32995,34,107,2530,382,27,1440,0,1,1
83424229,43303,46,51,2385,127,278,884,0,0,2
83230728,61997,377,225,5668,1402,1461,4537,0,0,2
83745268,40595,28,405,1106,530,27,983,0,1,1
79922711,294702,139,129,455,81,62,2836,0,1,1
54332101,9355174,2182,1438,26054,5848,6073,36624,0,0,2
83673718,15441,192,320,1687,1638,132,2236,0,1,1
81514346,222547,835,2338,9430,16371,558,22580,0,1,1
83949708,27178,385,347,1510,2532,153,3836,0,1,1
76625028,1204679,4143,1062,41884,16533,16867,29472,0,1,1
82987910,79923,86,447,2039,881,60,2521,0,1,1
82770852,255064,694,521,9123,1367,733,5513,0,0,2
77985902,1105733,1566,1382,26161,19665,3265,22891,0,1,1
83055329,162170,66,262,2274,1083,111,7154,0,1,1
83970482,34675,259,315,1295,1741,226,3684,0,1,1
81525375,676049,15970,4508,32402,10973,4298,34916,0,0,2
83396489,46569,82,112,941,339,28,1500,0,1,1
81585650,230265,210,791,6520,6232,1890,17501,0,1,1
83760004,35139,268,162,934,1461,66,3083,0,1,1
83663974,27559,60,121,982,338,86,1207,0,1,1
83133370,137482,73,394,4397,668,62,2721,0,1,1
75852014,1555759,5214,1917,52494,17088,33338,82385,0,0,2
83020602,153665,2611,853,3935,779,1391,4093,0,0,2
83676747,26548,15,63,1288,155,14,601,0,1,1
83484866,3636597,6532,2958,93839,60125,2815,295369,0,1,1
83681088,2345325,11297,4186,35858,105205,6347,191127,0,1,1
83730678,2971213,23735,8482,30894,59751,4043,185862,0,1,1
83756741,939042,7947,2644,35250,194088,2305,162011,0,1,1
83756069,903389,2372,2367,40628,124688,10941,128251,0,1,1
83530891,1147180,2958,10858,33217,74619,11427,72941,0,1,1
83652246,990441,5663,6496,15740,91917,2575,111048,0,1,1
83586600,561787,4786,2313,25691,79423,1461,71135,0,1,1
82884470,562688,5065,1274,23907,67873,3095,61097,0,1,1
83765265,633274,2896,977,12652,48487,8075,57909,0,1,1
83625776,1190496,26520,2928,9471,18721,4536,77424,0,1,1
83705580,452640,2235,886,11880,73700,357,51300,0,1,1
83736872,882885,9563,2206,10024,20532,1007,62313,0,1,1
83545195,296466,914,1048,16610,39990,2768,31975,0,1,1
83497361,911137,25521,5489,27923,67289,1874,65054,0,1,1
83712749,554253,3873,2840,9345,8152,15573,25343,0,1,1
83821561,340809,839,1249,18181,45148,1302,44889,0,1,1
83685986,1026725,7751,1176,3151,14873,1301,28723,0,1,1
83842787,963681,5718,1253,3649,12098,789,49265,0,0,1
83544913,760526,10232,2397,11770,52860,5951,51451,0,1,1
83674512,384966,7625,881,11406,29365,581,26725,0,1,1
83676410,485953,1473,680,5795,16464,4471,37817,0,1,1
83570620,1155869,20724,3607,3054,3912,1631,15350,0,0,1
83467443,1514107,3073,1423,4814,10903,5815,36713,0,1,1
83679433,363496,10181,3845,6392,25883,4231,31006,0,1,1
83274499,1301898,4402,19128,51930,123406,27581,130904,0,1,1
83663909,354727,4713,1024,8995,15674,1319,26084,0,1,1
82724200,6021059,24036,21269,249843,446773,160320,381375,0,1,1
83698519,445282,969,5826,3418,13976,4725,29487,0,1,1
83872963,271818,15817,1010,7426,35637,999,27882,0,1,1
83841007,168767,1085,702,12632,28142,2468,19677,0,1,1
83784127,325606,5269,1314,6830,18476,940,33797,0,1,1
83707802,447036,1608,1387,3287,1472,4234,13901,0,1,1
83462015,352393,1380,471,12520,21601,5187,32103,0,1,1
83804436,525195,5079,435,1905,3684,937,18189,0,1,1
83839754,437299,2874,1132,2055,3908,505,29291,0,1,1
83562262,283492,2627,342,6835,10515,460,37096,0,1,1
83686968,287026,10005,1201,5215,17120,1217,16324,0,1,1
82944594,1010880,15152,4170,43015,53745,9125,72686,0,1,1
83911421,282928,1157,1325,5125,14568,3405,25826,0,1,1
83525734,315367,1560,477,8039,11533,8417,21609,0,1,1
83589009,237160,3805,888,5409,15152,537,30990,0,0,1
80993522,397885,253,690,2716,349,2385,7981,0,0,2
82691015,396666,436,771,1368,2609,533,15198,0,1,1
83821008,402742,2135,561,1227,3290,876,13164,0,1,1
83754168,238681,640,530,4599,10994,1393,34438,0,1,1
83764185,302852,2177,3453,3005,4764,1573,17124,0,1,1
83650016,76461,1468,616,10284,15228,1691,13383,0,1,1
83717917,238461,1877,3178,3710,5862,10977,11567,0,1,1
83559829,362732,188,204,226,448,1117,4851,0,1,1
83740894,221301,2091,2025,2811,7146,302,11681,0,1,1
83644647,220424,486,279,2690,4718,66,19175,0,1,1
82969316,1417955,62387,3299,37488,51373,7024,62549,0,1,1
83546575,402431,7841,1398,4203,7422,193,26545,0,1,1
83830438,323033,837,1073,941,366,6584,5778,0,1,1
83938135,247970,406,270,11654,11473,351,20351,0,1,1
83953467,335489,1493,1141,1301,3029,217,22303,0,1,1
83407844,224516,296,430,1148,10138,587,13044,0,1,1
83551680,408476,10694,1511,5538,41734,1346,51972,0,1,1
83417792,430502,1801,7308,3866,10772,981,20106,0,1,1
83468802,205411,574,583,9580,7931,1014,15495,0,1,1
83403078,152100,441,329,4749,7075,2657,8555,0,1,1
83717273,216587,787,523,2385,565,625,8901,0,1,1
83721486,218087,3767,593,3104,8286,173,40140,0,1,1
83691166,113834,8698,1139,5088,11015,131,25905,0,1,1
83708660,304805,656,275,369,325,322,3165,0,1,1
83697575,100553,901,678,5343,17023,681,13340,0,1,1
83792007,291295,2315,607,230,140,181,3461,0,1,1
83699891,270407,241,333,625,689,156,4715,0,1,1
83159261,416950,114,615,677,134,1069,3434,0,1,1
83550102,187400,1377,5920,4429,9180,1235,14983,0,1,1
83681223,231665,596,270,834,662,556,13551,0,1,1
83464225,268822,940,757,2441,4383,189,16352,0,1,1
83696029,207783,2642,566,2547,4875,181,29250,0,1,1
83628266,239709,195,309,454,2387,756,3986,0,1,1
83673256,243950,250,220,379,85,150,3475,0,1,1
83682284,254483,444,412,192,54,187,4207,0,0,1
83784170,256118,1568,322,282,489,124,4478,0,1,1
83589590,215948,18,167,692,248,423,2057,0,0,1
82921080,543858,589,464,3899,5757,169,44999,0,1,1
83839014,164704,2269,2586,3148,3594,1153,14675,0,1,1
83636062,178758,349,1309,1886,5647,215,17235,0,1,1
83581625,228649,845,465,271,92,151,2653,0,0,2
80053596,1192581,2460,1240,18014,10570,2344,42565,0,1,1
83436116,84079,516,537,5046,10061,286,9286,0,1,1
83505051,215728,135,635,343,142,176,3387,0,1,1
83908130,161796,9871,747,2531,6204,814,10451,0,1,1
83704544,174292,67,259,1554,6517,420,10372,0,1,1
83679346,127030,7091,1473,2929,7606,195,38007,0,1,1
83865124,165606,1121,1112,2247,6643,3371,10555,0,1,1
82999528,1040066,40878,2738,18584,37580,6456,72546,0,1,1
83653415,134763,354,272,3246,2039,115,5633,0,1,1
83526382,109832,677,302,5982,5675,381,7303,0,1,1
83691496,135896,2973,1473,3312,3003,3511,8060,0,1,1
83496860,213468,409,395,4107,6775,6238,16131,0,1,1
83673834,131430,2697,1795,3544,1549,534,7088,0,1,1
83793855,187737,313,467,1884,2176,822,8446,0,1,1
83804467,122082,2907,483,3982,6461,222,9546,0,1,1
83694484,110905,1770,4491,2275,18025,2424,16476,0,1,1
80565276,1366553,2834,1105,85735,86122,5134,154126,0,0,2
83409956,906137,18809,6920,57700,197923,16476,156273,0,1,1
83779134,524117,5155,2366,15248,50103,1326,56098,0,1,1
83743758,1285031,3336,4881,5338,1888,7578,28258,0,1,1
80582841,6386269,96154,14961,561269,1651183,102809,1178161,0,1,1
83612600,638085,1178,1684,10621,23463,4586,56747,0,1,1
83609218,843262,463,905,3745,3810,3571,24672,0,1,1
82994799,751932,472,853,99391,44470,1758,49006,0,1,1
83088396,952198,3649,3440,36772,83792,9718,119281,0,1,1
83086824,511385,31796,1825,3862,3159,550,25174,0,1,1
83860075,465562,8481,2350,3152,6869,1478,24298,0,1,1
83667427,561063,1049,1009,1333,442,653,12315,0,0,2
83911287,127982,1218,1867,13169,34238,1602,30313,0,1,1
83759781,256079,4252,1027,10096,13467,3236,19687,0,1,1
83799991,242016,2784,3697,5056,23001,626,33699,0,1,1
83869709,211159,2262,1718,6415,15311,5008,18936,0,1,1
83667286,334665,191,407,1671,3387,127,19574,0,1,1
81551979,1018270,5483,3641,41119,122422,9251,116656,0,1,1
83831640,291001,815,700,2851,4782,1117,14783,0,1,1
83373856,260930,1780,1054,7799,10547,466,32399,0,1,1
83410275,558255,2739,908,8397,21488,1279,42681,0,1,1
83211672,151690,672,416,16109,4451,2080,9815,0,0,2
76747688,2381136,3527,3934,176814,46557,18772,128083,0,0,2
83647195,271913,701,1712,1906,1429,680,16587,0,1,1
79633193,562676,866,678,188145,22796,4020,42233,0,0,2
83637896,128901,354,740,7284,1194,1193,4883,0,0,2
83710922,227192,545,721,2493,1512,1047,3893,0,1,1
83725719,166127,2679,1455,3236,15856,348,23120,0,1,1
83780130,290723,794,1447,2064,848,1053,7941,0,1,1
83744136,255433,2518,924,1062,3161,438,8078,0,1,1
83153225,691909,1291,2652,15942,13827,2985,38267,0,1,1
83627509,180136,1083,978,2997,5878,822,37178,0,0,2
83611605,148982,353,638,3556,6695,357,9903,0,1,1
82745357,2569327,16855,20710,58757,137859,19344,184602,0,1,1
83920337,151222,900,858,3312,14834,1426,18319,0,1,1
82865471,1351613,7953,5719,63190,120478,5656,140640,0,1,1
82841902,142193,661,445,2892,7273,143,21182,0,1,1
83333294,196959,724,734,998,2719,145,7313,0,1,1
83870743,244622,490,1308,1693,475,174,9340,0,1,1
81907067,1065223,2327,927,18833,22993,3324,79153,0,0,2
81338388,359189,1101,3163,5997,6318,486,0,0,0,2
83589658,224933,1386,1339,1225,1458,439,8921,0,1,1
81809073,1327846,7492,6720,35671,149032,22210,135141,0,1,1
80977473,930378,13766,3757,90279,166996,18512,132429,0,1,1
83551198,333701,1419,1067,8354,16279,2814,24097,0,1,1
83417519,271364,4760,1411,4530,7700,730,16447,0,1,1
83422877,239088,50,368,378,34,520,1574,0,0,2
83433787,292509,879,713,1214,76,471,4909,0,0,2
81468772,1845684,2043,3454,11947,9468,6097,72143,0,1,1
83688194,175571,95,313,321,55,15,2698,0,1,1
83483274,70548,87,484,5406,2284,154,3582,0,1,1
83593359,175372,32,301,233,29,88,1682,0,0,2
83669833,176823,215,371,526,366,80,6655,0,1,1
83692520,123258,2984,676,1244,3919,600,13503,0,1,1
83599890,164984,81,544,419,80,251,2279,0,1,1
76541413,3670443,14891,9427,67302,402066,10034,325111,0,1,1
83788538,140894,1546,516,878,2501,648,5733,0,1,1
83241550,333814,120,225,288,56,61,3923,0,0,2
83891873,136085,2721,805,1486,2488,381,10511,0,1,1
83537165,154249,179,287,887,239,813,1666,0,1,1
83360244,72620,1515,985,8146,5433,711,7390,0,1,1
83628154,152899,318,449,517,71,405,1365,0,0,2
80960210,426815,1974,747,14837,6296,7908,41049,0,1,1
83690094,58413,869,442,3634,9278,695,7786,0,1,1
81192531,205052,4245,435,23162,4910,3258,13964,0,0,2
83590470,101151,513,1000,2601,1040,44,2774,0,1,1
83741353,112352,462,456,1218,1226,190,3818,0,1,1
83849319,140835,886,361,1547,1356,94,5139,0,1,1
81459799,1142410,498,2237,1853,1681,178,24941,0,1,1
83894031,83050,1783,926,2102,6998,437,9766,0,1,1
80676421,567733,1641,274,52945,7430,3814,26923,0,0,2
83194382,172579,337,192,1049,258,343,2171,0,0,2
83071524,520172,1382,753,1224,348,275,6614,0,1,1
83595336,102801,561,540,1104,2536,178,8074,0,1,1
83030557,662734,0,1353,3600,1793,660,22378,0,1,1
83688447,120709,34,307,289,36,413,1082,0,0,2
83642850,80524,464,816,2107,2679,1533,4896,0,1,1
83737995,82099,339,426,2496,5611,740,8752,0,1,1
57300430,207319,268,268,768,99,248,1862,0,0,2
82722479,107591,303,422,373,125,75,4278,0,1,1
81939192,1712179,1556,2883,27902,17451,3207,132329,0,1,1
71497388,1645366,10156,1797,362799,40026,9100,81557,0,0,2
83849480,78863,898,555,1680,1919,690,4826,0,1,1
82555470,175622,1,60,43,6,8,573,0,1,1
83586459,100002,214,328,586,887,262,2047,0,1,1
83681971,120815,339,215,693,354,47,7046,0,1,1
83896072,30148,579,300,3555,5311,252,5545,0,1,1
83597053,104807,109,329,806,123,1142,1383,0,0,2
83597364,100549,237,304,507,1875,54,5599,0,1,1
80739646,752459,1109,2639,3516,608,1012,6241,0,1,1
83422409,77984,939,387,1208,2168,678,3098,0,1,1
52012946,10583993,176750,26471,772634,265945,131524,570317,0,0,2
83821135,80720,525,345,978,1856,199,4359,0,1,1
80905069,60251,405,142,14460,2158,403,4218,0,0,2
83955084,144891,663,596,3457,8612,463,17469,0,1,1
83103645,551586,3345,778,3934,7812,724,27516,0,1,1
83858047,112209,489,805,296,930,32,2554,0,1,1
83668084,89105,483,407,394,1082,657,3188,0,0,1
83421224,105251,93,466,615,768,39,1966,0,1,1
83610795,593803,2575,2225,6531,14001,970,28181,0,1,1
82577062,1933017,12699,4078,12716,39167,5888,105034,0,1,1
83118657,869554,731,1938,5434,8584,2267,39371,0,0,2
83566085,311197,2671,1005,3282,10504,519,33193,0,1,1
83543091,184314,1519,954,1377,6952,353,10385,0,1,1
83799997,117827,1802,702,3581,8299,415,12608,0,1,1
81516881,2964283,52620,12218,133071,481698,36310,443288,0,1,1
83647838,218437,25,222,111,14,11,893,0,1,1
83687056,120008,2095,575,2441,11334,597,11172,0,1,1
83289791,116736,687,1085,1988,14129,273,12840,0,1,1
83574398,176129,322,708,698,1778,175,6587,0,1,1
83467674,170270,4618,6912,5015,7741,550,10556,0,1,1
83704316,182152,61,448,165,8,99,1403,0,0,2
83682686,137505,1769,917,1263,3160,450,10668,0,1,1
83747070,138627,3284,443,382,610,306,4045,0,1,1
83610891,63082,1374,353,3642,10224,1985,8260,0,1,1
83702701,113261,704,760,638,1852,138,3956,0,1,1
83198411,121336,52,385,11665,4719,247,5066,0,1,1
83451036,186565,414,421,863,853,1516,4645,0,1,1
82884809,121155,65,567,189,14,26,670,0,1,1
83911055,82698,723,615,1504,3480,348,5736,0,1,1
83611564,57765,1084,5562,1860,3836,147,3685,0,1,1
18183025,864023,1091,1732,2936,382,633,8188,0,1,1
83533232,76749,497,409,3763,11793,766,11700,0,1,1
79417704,398713,936,458,6217,801,2781,27836,0,0,2
83087372,92982,156,476,102,283,27,1387,0,1,1
83802792,64221,731,849,947,2186,76,4727,0,1,1
83212227,393575,2861,2058,1868,2547,2830,11933,0,1,1
83843785,68328,835,250,450,1050,116,3184,0,1,1
83611732,68815,365,315,340,384,303,1973,0,1,1
83988663,40662,732,239,3571,4278,3122,5868,0,1,1
83140504,122575,58,270,164,32,22,624,0,1,1
83902597,65936,428,322,433,887,133,2812,0,1,1
83842745,71303,32,142,201,263,71,3823,0,1,1
83835531,66431,481,196,177,124,99,2320,0,1,1
80452761,483217,58,244,248,58,25,1790,0,0,1
80814585,538545,556,609,7461,2041,8087,14268,0,0,2
83883754,57456,490,237,131,727,72,2845,0,1,1
83304940,367597,6425,929,1386,3932,616,9838,0,1,1
81431421,152959,468,490,10671,11862,870,10298,0,1,1
83670585,45969,121,105,420,266,28,799,0,1,1
82605263,64886,142,427,16253,6789,451,6212,0,1,1
81782724,875696,22263,3549,41362,67074,4686,79048,0,1,1
54269405,4014296,31901,15415,418967,431920,244640,350599,0,1,1
79197707,697681,1069,1682,6937,1933,2158,27026,0,1,1
80541072,713048,1170,815,5974,5248,479,41984,0,1,1
83687975,46950,80,461,192,223,163,1825,0,1,1
82168269,538916,7265,1389,30196,22632,2557,27279,0,1,1
83168370,80485,27,127,76,9,12,194,0,0,2
83254565,257225,1977,405,1550,1992,791,5882,0,1,1
75370637,529805,1765,1241,93631,63845,5736,47304,0,1,1
82986889,322547,1798,1524,8809,27638,1026,29865,0,1,1
80022663,338447,347,243,1079,348,996,5686,0,1,1
83853230,28643,145,284,776,822,115,1568,0,1,1
83738746,42870,521,166,171,235,104,1188,0,1,1
83846511,36182,358,196,334,960,42,2135,0,1,1
83564773,39806,407,437,288,431,80,1726,0,1,1
83831262,21602,243,191,815,2011,59,2523,0,1,1
83430362,53152,206,186,383,600,75,1473,0,1,1
82166180,59031,147,323,6200,2635,242,3904,0,1,1
78126413,197369,297,734,173,18,131,1222,0,0,2
83612197,45598,26,105,22,4,15,118,0,0,2
83558090,58733,217,324,236,166,59,1407,0,1,1
83551694,43257,16,206,61,28,66,401,0,1,1
83463909,76685,561,820,1811,4490,345,6260,0,1,1
83814556,40065,56,154,125,83,14,758,0,1,1
83584027,32677,144,114,226,357,75,1174,0,1,1
83620333,25293,25,51,720,178,35,325,0,1,1
83670092,36346,107,155,117,45,80,714,0,1,1
82983013,219625,3190,1008,5990,2952,8313,8305,0,0,2
83627916,32881,347,295,168,211,564,1113,0,0,2
37632789,408621,350,488,1184,164,616,3868,0,1,1
83669798,31981,185,394,268,196,79,1086,0,1,1
73709102,1262797,2225,2096,17028,27007,1998,41209,0,1,1
83455499,61149,63,127,153,32,16,510,0,1,1
82368964,125329,1413,2646,1712,3640,281,4978,0,1,1
80555001,420162,408,1219,1019,586,1034,3911,0,1,1
81437021,483926,12133,1507,28702,82804,4038,57535,0,1,1
83716854,29304,287,228,214,358,57,801,0,1,1
81006341,98008,911,302,7763,3027,576,4783,0,1,1
83655005,18428,3,65,737,185,35,281,0,1,1
12803462,1727417,2144,835,27907,2467,11090,14385,0,0,2
82712671,62136,213,279,3581,1827,191,3128,0,1,1
82677547,243498,67,283,2529,376,2323,3792,0,0,2
83641746,32975,42,226,47,22,12,114,0,1,1
82053362,476745,842,2235,2788,1618,1130,18730,0,1,1
83173808,128805,5993,2879,2582,8889,1112,8476,0,1,1
82043333,870504,2825,1936,975,454,878,5578,0,1,1
83628640,31635,35,87,25,11,23,643,0,1,1
83481481,19376,276,174,1007,864,33,982,0,1,1
83542038,31433,177,151,417,335,234,1740,0,1,1
83123910,66370,142,398,29,6,31,105,0,1,1
81466329,536350,3558,1531,9339,26371,6123,42306,0,1,1
83444359,51006,34,296,56,20,10,407,0,1,1
83558482,31652,15,57,35,14,22,238,0,1,1
80375712,574795,521,297,1869,174,367,2549,0,0,2
82856333,86306,78,216,49,20,19,748,0,1,1
82583210,28690,77,165,875,1159,72,1544,0,1,1
83489243,25304,164,243,634,569,37,1406,0,1,1
83684483,22884,84,84,353,195,11,920,0,1,1
83913140,2742537,44739,41430,95907,385293,12310,435865,0,1,1
83765790,1662991,27296,20213,142454,451739,79515,356276,0,1,1
83402441,2739561,4883,3249,120775,90076,82024,199858,0,0,1
83743079,2583820,55882,9147,45531,286886,8977,297620,0,1,1
83837579,926074,11703,2148,33941,141281,2045,306808,0,1,1
83762795,1139000,17441,2865,24550,88042,3351,112959,0,1,1
83740816,1380948,429,970,32771,29940,25147,79983,0,1,1
83633416,1083711,19557,2424,23413,59356,6564,72050,0,1,1
83984913,1657734,3479,3109,25271,99971,3859,162439,0,1,1
83510881,1303562,709,977,33612,6948,16459,68052,0,0,2
83560176,1634251,20824,4099,20194,85220,4977,238600,0,1,1
81417721,3975786,10876,2147,148578,60481,61085,230806,0,0,2
83815677,856026,2556,2641,15091,124619,1330,99270,0,1,1
83701473,512268,468,461,32290,10288,18388,36788,0,0,2
83561755,625161,4016,1650,27510,8003,14692,22556,0,0,2
83758914,791025,7786,9708,15313,60088,541,86103,0,1,1
83680618,997348,5306,2326,12962,39765,6355,92031,0,1,1
80856554,8913745,15537,7968,392784,494772,157583,618632,0,1,1
83494294,684133,2771,1832,24124,9365,13834,38582,0,0,2
83670176,882526,78997,2416,15307,43450,8223,89400,0,1,1
83575266,494441,5560,1441,16302,84361,2283,76932,0,1,1
83611008,1089138,4259,4206,9674,30504,9387,90371,0,1,1
83703259,595714,1401,519,24694,30326,7383,50379,0,1,1
83577196,1388997,711,779,15913,4338,9235,37478,0,0,2
83541127,2735941,15200,4560,15293,64050,2425,202763,0,1,1
83667340,370790,11748,2589,20903,52477,8167,43905,0,1,1
83846108,737191,9049,2903,15411,33489,4146,112897,0,1,1
83576507,674296,27474,5560,20945,23297,6846,55997,0,1,1
83706327,841957,23572,3158,12329,44601,1450,105171,0,1,1
83832965,633759,1318,1770,22750,39979,3882,54773,0,1,1
83275851,567018,4904,1039,18666,79999,2253,71731,0,1,1
81234736,4177610,10915,4596,106965,27204,127550,135251,0,0,2
81431485,2907019,2344,4077,109612,175847,59110,245901,0,1,1
83740208,759077,218,546,16678,3260,11175,34299,0,0,2
83452180,1301925,10600,2890,4552,19088,2025,77895,0,1,1
83611016,516354,1777,942,16187,21334,8892,41224,0,1,1
83458040,1690723,3634,2012,7449,7363,4426,67209,0,1,1
83575591,379745,1024,762,20257,9716,4842,22023,0,1,1
81394266,3833995,9956,3011,130315,90650,42778,196578,0,0,2
83829075,1736049,6495,2629,3637,8257,2831,75175,0,1,1
83115815,1763152,3722,4549,10033,7493,2070,25881,0,1,1
83570936,541480,5473,788,13035,30531,959,61910,0,1,1
83668408,1209815,14944,2046,2951,17168,2019,60583,0,1,1
62162985,43091947,124257,107484,537322,293172,531137,771931,0,0,2
83491490,638609,2430,1356,16649,92783,1537,79876,0,1,1
83747618,962426,6737,2028,6438,16248,1094,68668,0,1,1
83562875,441193,20437,1068,16672,89145,791,79054,0,1,1
83813024,831563,6829,1235,6517,21459,3827,45222,0,1,1
83498012,538548,803,1029,17562,2054,4327,49604,0,0,2
83849786,673965,9052,1297,6284,27557,1072,36831,0,1,1
83650546,1177071,1650,694,5178,3717,1084,85950,0,1,1
83834515,1060051,7161,2890,4011,12890,1300,63460,0,1,1
83774736,759151,593,3258,9506,7786,1309,40136,0,1,1
83225818,1919310,2482,3675,30660,6992,28280,71240,0,0,2
83676045,780663,1177,352,11493,1292,3617,31097,0,0,2
83317735,362774,7310,5697,14775,33431,2863,37482,0,1,1
83683357,721970,237,367,9593,2638,2390,32089,0,0,1
82410265,3252187,11684,4938,107753,60431,30260,255919,0,0,2
82817885,1671095,622,1254,39970,9360,22175,55379,0,0,2
83911729,643004,7786,2347,9798,40534,2801,74955,0,1,1
83670595,658153,4210,1454,3947,25594,486,53691,0,1,1
83722089,1007708,991,562,6930,627,1311,27728,0,0,2
81569977,2759153,7060,1731,30925,6645,17923,46565,0,0,2
83189427,1821220,8265,4194,27741,121850,2129,371096,0,1,1
83476428,1681843,86,709,1149,131,508,12736,0,0,2
82884072,541866,300,502,14333,3985,4329,33561,0,0,2
83472467,846488,1211,983,3862,1851,511,23309,0,1,1
83684633,580251,737,744,9270,5029,1522,25490,0,1,1
83660943,455986,828,1449,5740,48635,312,47251,0,1,1
83958979,512954,8065,1902,9746,19594,2645,44473,0,1,1
83470763,1317750,4198,7876,20272,79817,7178,115529,0,1,1
83244685,1655405,6018,1740,12198,19605,12073,64991,0,1,1
83700934,236655,14705,6481,14233,28221,4502,38668,0,1,1
78854899,1088613,205,478,2598,114,441,7162,0,0,2
83802516,924164,206,610,5605,974,1206,7924,0,0,2
82746718,1133033,5219,4662,16873,21198,4693,61245,0,0,2
83917997,543458,6208,1736,6617,28997,698,50119,0,1,1
83412833,648140,649,715,13454,11857,6606,19246,0,1,1
83833609,229619,2227,1300,12152,57982,487,53079,0,1,1
83766327,599357,2007,910,4460,13714,501,51525,0,1,1
81248235,1428253,5575,4667,23906,231600,2470,172682,0,0,1
79619931,1309965,195,564,10398,1446,3956,24628,0,0,2
76728524,4823282,4561,2695,54206,14933,110800,66896,0,0,2
83700870,749103,1494,2528,1713,449,747,22377,0,1,1
83548369,829039,394,833,2116,1138,5617,15318,0,1,1
83315604,763658,70,1067,1418,95,288,8029,0,0,2
83932271,598543,12893,1664,5079,14521,697,48062,0,1,1
83415865,331016,405,546,11126,1569,620,15415,0,0,2
83683363,490606,3221,1329,5039,11773,927,43251,0,1,1
83753869,442623,663,555,11163,2677,5111,18527,0,0,2
77692111,1275505,6371,1432,32099,6587,43676,31716,0,0,2
82858049,1110075,865,753,7911,486,577,9679,0,0,2
82238500,922816,231,605,9561,1523,6986,31285,0,0,2
83531506,399790,2724,1537,14068,40371,2398,50797,0,1,1
83559027,329656,4360,1423,5279,29827,575,39166,0,1,1
83683989,530956,934,1183,2895,16657,136,36529,0,1,1
83032939,1750335,129729,1908,32969,29728,11501,142099,0,1,1
62260979,2312385,4750,892,42600,10657,28022,75212,0,0,2
83319203,1585643,1525,7161,3144,1469,4167,30308,0,1,1
82611670,588214,1216,1551,10790,1733,4682,37704,0,0,2
83466664,1173731,4928,1300,34722,40210,25307,84161,0,1,1
83598380,451038,997,888,20671,25746,10486,33944,0,1,1
83495619,419268,1235,1133,16769,23612,2357,40958,0,1,1
83545641,608492,7024,2079,20781,48195,10034,63227,0,1,1
81559276,3300301,9259,2753,78703,100444,25157,242785,0,1,1
81474544,2995009,12730,3580,164729,261456,49635,258606,0,1,1
83797578,491808,1843,967,16861,25174,6987,41299,0,1,1
82282865,3217607,16063,4112,101890,161193,26341,235865,0,1,1
80860211,2677671,3192,2316,79326,76077,65385,141799,0,1,1
83130733,815480,2126,526,21928,38688,4976,72189,0,1,1
81478684,477001,1190,482,8475,8337,2298,27038,0,1,1
83763845,327351,1789,365,10455,11032,9572,21256,0,1,1
83143883,688915,1259,741,16719,16746,13593,40969,0,1,1
60731116,25427853,144908,30751,1701038,2368382,444136,2106038,0,1,1
80074265,5636110,19356,5080,167770,225148,143362,311023,0,1,1
19390801,50467413,367547,97794,1755008,2407341,969002,2105052,0,0,1
83344008,244730,813,344,8068,3376,994,16996,0,0,2
78770420,2118143,5033,1898,118677,92869,35839,191209,0,1,1
83536085,197872,850,407,7825,7697,3469,16387,0,1,1
83673006,183005,1818,1088,6392,23602,1364,34768,0,1,1
82849279,1497452,11311,3245,48793,67440,28723,130586,0,1,1
80899952,1800258,5795,1133,81118,141963,32355,167695,0,1,1
83475633,124419,495,343,8014,12243,1675,13803,0,1,1
80744282,1832302,9233,1484,63680,89148,5560,159696,0,1,1
83520255,195159,1149,378,6651,8078,4111,15351,0,1,1
83679290,186797,1361,581,4685,9911,792,22243,0,1,1
83764505,267758,323,437,2866,1697,3107,8826,0,1,1
83531726,157954,371,289,6814,2731,1747,13563,0,0,2
80669491,1959604,3504,1557,58745,78673,35935,125496,0,1,1
83911053,125076,1079,1019,9461,19443,511,27582,0,1,1
76845612,6031204,6150,2080,178808,164806,63015,262392,0,1,1
83984139,292170,1834,565,16744,34958,8168,37636,0,1,1
81904353,1925804,6779,2664,91534,183368,18678,190990,0,1,1
82096856,1418623,2807,962,53089,90618,16070,154977,0,1,1
79305452,3039795,6048,3255,104324,109638,57341,176433,0,1,1
79162789,2200297,1383,1387,64147,49132,31895,88435,0,1,1
83701382,148497,902,203,4969,2598,2537,9581,0,1,1
83525330,175456,837,473,3580,1212,265,16789,0,1,1
81622593,1361345,3729,1682,40953,53135,29721,94888,0,1,1
83593918,128607,617,433,3510,6364,421,11454,0,1,1
83264917,271804,873,466,13047,21421,4087,26694,0,1,1
83696858,119166,453,526,3544,4683,1371,9608,0,1,1
82654052,612128,1121,481,13537,10717,11050,24604,0,1,1
83766657,112893,1724,445,4270,4593,3696,8075,0,1,1
51532753,7399045,46285,6151,211051,82550,37717,387701,0,0,2
81143981,613989,4445,1430,36996,60241,16958,59726,0,1,1
81712302,548623,1474,633,18866,14920,15700,30678,0,1,1
83610830,109134,356,229,3405,2273,1979,6281,0,1,1
77603542,1132210,935,748,16989,6316,5134,32758,0,1,1
83809477,85713,743,392,4769,8134,1077,13265,0,1,1
81489586,941075,2930,1168,21230,33489,6542,68275,0,1,1
80853433,1424917,3838,1556,25249,28605,7970,88837,0,0,1
81554560,939249,3150,927,23490,15631,11835,44059,0,1,1
82580545,2068020,6112,5538,69245,95908,13698,197486,0,1,1
80480032,2279575,8532,4831,115180,235977,54966,333405,0,1,1
83609877,85969,579,368,2966,10342,2043,7585,0,1,1
80721495,1346331,3139,1090,49872,83530,21654,97137,0,1,1
83168710,296957,1775,890,12929,28588,1376,33315,0,1,1
68740307,8429257,24695,5050,349860,411882,148451,553028,0,1,1
83786330,112262,816,792,1773,4302,95,7325,0,1,1
81384275,358807,712,714,23925,12513,805,42685,0,1,1
83722518,78551,1169,392,3565,4895,794,9421,0,1,1
83058835,294114,361,317,8872,7538,6724,17595,0,1,1
81622186,1741560,8871,1536,57323,74778,56150,89923,0,1,1
82189242,582495,1643,876,21012,24695,18514,41983,0,1,1
83384735,172249,145,258,1892,1510,1195,3520,0,1,1
83744512,85290,186,235,2560,1843,355,7191,0,1,1
83928481,30083,481,493,4402,8270,430,7386,0,1,1
82341998,343148,362,550,4307,3984,1281,17323,0,1,1
83107643,362669,699,400,9239,7301,7646,18857,0,1,1
79208186,2891617,9383,2914,83206,85724,68218,122134,0,1,1
18193325,25840053,151124,50704,650758,623844,241354,547427,0,1,1
81448470,848942,411,717,18375,10421,13641,29074,0,0,1
81494073,521975,973,436,7487,4199,3719,18789,0,1,1
83602480,68293,376,239,2524,2524,930,6402,0,1,1
83302195,69574,158,166,3311,4638,480,6394,0,1,1
81150562,774033,1963,1054,21633,25667,11472,47418,0,1,1
83619625,75742,308,230,2022,4586,767,7855,0,1,1
81638206,247071,1151,797,11196,19257,6566,23320,0,1,1
82621377,416832,821,701,12446,10772,5831,25836,0,1,1
83231433,108533,302,656,4265,8820,778,9094,0,1,1
12903265,9069154,26017,4920,285274,187119,99297,218563,0,1,1
83547250,66278,305,168,1872,1032,1545,4640,0,1,1
83202479,146515,548,148,3145,1451,1268,9059,0,1,1
81183290,573123,5837,1685,19740,15805,3984,40123,0,1,1
83757492,55426,162,187,2456,5573,591,4700,0,1,1
77657287,1697615,888,767,31648,60423,7973,89271,0,1,1
82588122,381778,1484,720,15432,22088,12677,30589,0,1,1
84001672,49048,204,323,3497,3587,244,8995,0,1,1
80428542,652596,838,527,18034,13083,10759,34507,0,1,1
67701855,2728818,3610,758,65627,62638,28445,134424,0,1,1
83680668,62660,491,179,1823,1599,860,3515,0,1,1
83817073,36950,239,351,2339,5257,304,5466,0,1,1
80259455,480828,1865,467,13559,7915,10289,23908,0,1,1
78959036,1049761,1676,649,29712,23857,6402,70319,0,1,1
50941399,13969094,38914,9688,426061,549215,264907,601081,0,0,1
83908288,487634,4870,4878,43127,74187,18850,65805,0,1,1
82978091,750853,2171,805,129330,40105,5182,63141,0,1,1
83910610,904597,9158,1946,6876,25374,7935,70898,0,1,1
83547453,267537,1325,686,23591,8042,973,20514,0,1,1
83396559,190160,254,350,16629,4478,463,10781,0,1,1
83708093,233667,1901,1325,12217,7315,512,24630,0,1,1
80038899,623487,6182,2572,178301,40742,6753,52903,0,1,1
83835400,65544,660,455,18327,5029,790,5875,0,1,1
83841532,422063,486,1813,2266,1663,719,12454,0,1,1
83788604,326586,3961,1030,2308,7902,698,33374,0,1,1
83938711,151663,4105,961,7103,30029,879,24537,0,1,1
83932786,266936,3707,524,3276,13911,402,29816,0,1,1
83992931,209753,2511,1039,7738,15930,590,19864,0,1,1
83927205,301233,2214,988,2674,4514,719,24817,0,1,1
83671597,123020,6063,16625,5493,13748,3096,15409,0,1,1
82555053,102008,86,371,22228,2765,368,5516,0,1,1
83681216,117066,3552,1897,6160,2153,787,9782,0,1,1
83680038,123383,203,179,5660,1449,270,5233,0,1,1
83542451,159590,426,865,3830,14180,2348,22762,0,1,1
83783598,207301,3244,1318,2104,4853,269,14418,0,1,1
83549546,104218,1420,555,8900,7314,591,8888,0,1,1
83487527,223951,180,413,415,197,158,3541,0,1,1
83507547,195638,13855,4739,2738,7845,1631,13060,0,1,1
81298167,2231580,3535,3186,52047,77696,6868,128111,0,1,1
83526452,150916,530,700,6827,9045,1719,13192,0,1,1
83544253,117487,2732,714,7648,8598,1003,13615,0,1,1
83387318,283995,790,564,1691,3612,1591,8224,0,1,1
83384485,109306,1073,839,19998,13522,1117,13927,0,1,1
80895599,260829,226,169,44930,1946,607,7901,0,0,2
83541370,77848,197,315,5675,2005,207,4500,0,1,1
83242651,151272,212,683,10105,1445,1112,4124,0,1,1
82697674,1616373,23108,4625,39189,96456,9304,142999,0,1,1
83700737,159841,902,356,1115,1741,404,9907,0,1,1
83565613,152183,2335,959,2151,5007,445,11576,0,1,1
83872666,131340,361,571,2406,2805,478,8012,0,1,1
83698250,95387,1442,479,3136,4116,94,11351,0,1,1
83894540,74634,296,220,5264,3281,889,6255,0,1,1
83804564,117833,144,241,3527,1252,270,4456,0,1,1
83409215,213400,294,231,4141,1292,652,3782,0,0,1
83566044,119389,203,316,3452,541,394,3240,0,1,1
82254141,1118959,1187,656,4234,283,1374,24246,0,0,2
83774385,182431,8,35,81,6,27,904,0,0,2
82533537,281105,461,1044,12765,3426,1534,8476,0,1,1
68455342,971257,5986,3116,190022,12244,10664,42183,0,0,2
79723878,1403099,15404,4516,77547,52498,8829,86463,0,1,1
79989105,1152521,10459,4999,35122,43023,17427,93029,0,1,1
83561935,65313,260,342,4413,1689,172,2467,0,1,1
83596261,114781,1023,339,1346,1930,31,5386,0,1,1
83699166,95161,872,291,2550,1689,120,5194,0,1,1
50314054,2810082,44539,4742,240549,6706,28616,27376,0,0,2
83839400,88864,1360,492,2386,3327,118,5608,0,1,1
83694131,75707,1606,633,2321,5834,158,7653,0,1,1
83571116,124741,5449,826,3402,5858,317,10052,0,1,1
83679365,49117,527,443,4380,2108,186,5124,0,1,1
83542860,42362,240,224,5467,1628,394,2315,0,1,1
83779617,73549,892,321,2583,2651,92,5620,0,1,1
22227629,5811054,104093,22000,506086,21333,89521,79513,0,0,2
64672371,3712245,4251,2599,200660,39121,20027,144413,0,0,2
83567333,43026,374,297,4136,2988,229,3893,0,1,1
83410544,63903,151,297,7644,3492,409,5924,0,1,1
11395090,5969569,36598,22669,617359,38747,72711,81115,0,0,2
66663958,991000,2667,960,186870,20643,5172,42040,0,0,2
83847958,74070,618,346,1985,4835,143,12200,0,1,1
80723310,1047691,1310,2576,8863,1011,5630,15868,0,0,2
81438458,183027,40,114,273,107,36,2396,0,1,1
83611209,110297,148,53,219,8,179,824,0,0,2
82818299,100921,88,200,17770,3170,349,5649,0,1,1
80982522,1058650,8998,2419,45292,75319,6747,99543,0,1,1
82999937,133503,104,214,4717,1534,102,3271,0,1,1
83436998,95412,404,301,5291,789,639,3422,0,0,2
83764031,69648,1988,2798,1593,3037,265,3729,0,1,1
81675520,757796,2535,2113,4964,3203,2301,16941,0,1,1
83818230,86672,192,261,1266,733,206,6790,0,1,1
83431548,63776,152,86,4175,785,235,3771,0,1,1
81028111,551956,2211,1823,12779,6121,2002,23638,0,1,1
83096876,202995,143,194,687,165,100,5013,0,1,1
83183481,159145,113,392,4411,987,210,3387,0,1,1
82774310,217492,888,574,4277,1930,295,6272,0,1,1
83886087,75108,1495,775,1707,2522,553,6700,0,1,1
82825541,76293,189,381,2749,557,344,1938,0,1,1
80726327,120460,194,178,25613,4340,420,6967,0,1,1
83778806,77554,694,403,1518,2850,304,5422,0,1,1
83957917,83486,1233,617,950,2997,222,7364,0,1,1
83281024,65959,218,215,11280,3681,482,5016,0,1,1
80692066,368892,960,601,27553,5501,1144,11788,0,1,1
83468379,113642,426,362,427,336,148,1861,0,1,1
83784785,63179,2186,614,1258,4698,856,11251,0,1,1
83816379,51647,1056,365,1713,2856,217,4925,0,1,1
83688704,88250,2541,218,530,120,49,2362,0,1,1
80031231,396800,193,552,23263,5005,1464,15458,0,1,1
71068184,1443802,2311,1116,134793,45296,11344,107591,0,1,1
83624966,38032,294,406,1754,4929,331,4885,0,1,1
80052153,98869,126,161,12187,3746,440,6739,0,1,1
83339840,307561,3061,2162,4952,13737,2048,22762,0,1,1
78978921,533975,392,518,70582,11436,1382,19555,0,1,1
83842075,108432,28,97,152,25,3,1146,0,1,1
83553571,83127,174,215,1463,624,54,4606,0,1,1
83819126,1927104,43182,13437,40714,148767,25720,193026,0,1,1
19377766,2588850,59932,2499,155655,18475,34791,38406,0,0,2
83847168,594306,28201,2246,13310,7451,2350,26377,0,1,1
84021218,1045331,114203,5102,22340,18230,3922,45430,0,0,1
83713899,739733,20753,5377,4999,15131,5474,45893,0,1,1
83743890,1050999,85337,5256,21,11856,197,463,0,0,1
83396290,669882,4682,876,13,4375,127,386,0,1,1
83481718,706536,99,375,770,122,122,12368,0,1,1
83753632,519452,302,593,3173,513,986,3924,0,0,2
81403056,24418370,2338416,37021,2459,765299,16117,19724,0,0,1
83836803,261459,1468,544,5566,3348,1768,9265,0,0,1
83823605,214489,46812,2305,5902,6577,1189,13050,0,1,1
83527237,153623,613,328,7484,4699,507,9543,0,1,1
83573360,244156,204,150,3294,352,2344,9688,0,0,2
83578584,128563,265,207,7396,2837,2865,6489,0,1,1
83498713,253248,467,483,2429,1938,112,15911,0,1,1
83551880,305326,71,182,1676,278,555,1750,0,0,2
82943081,754666,600,527,7237,480,438,4770,0,0,2
83350297,394792,787,567,7773,843,4325,14658,0,0,2
83273120,272649,1487,1103,25614,10304,5841,26129,0,1,1
83403420,343222,20,330,370,31,198,1026,0,0,2
81826391,513257,895,1058,920,58,737,2200,0,0,2
83855839,182153,3438,376,2993,2883,834,6715,0,1,1
83890386,200277,470,332,3282,1847,317,5256,0,1,1
83443376,60238,311,222,9252,2907,589,7043,0,1,1
83253298,159183,2072,861,18029,7308,2858,18755,0,1,1
83195620,360253,2438,788,4112,887,141,11327,0,1,1
83183462,284584,986,636,15317,3368,1597,23710,0,1,1
83561617,141386,3,436,2237,872,587,2861,0,1,1
82281202,127309,192,112,3321,310,399,3941,0,0,2
83468579,304216,880,682,6266,4343,2821,7234,0,1,1
83885213,62349,3150,293,6324,582,567,3878,0,0,2
79489795,1218073,5313,1191,39217,13234,4527,43916,0,1,1
83705204,189869,218,323,658,969,104,9553,0,1,1
83525737,167705,42,202,1193,443,189,1473,0,1,1
83035701,1489701,6656,2583,27477,9642,12152,55626,0,0,2
83125089,754687,1483,551,5217,2599,1296,51693,0,1,1
55557679,4745151,15912,4449,8159,1182,2405,37113,0,0,2
83708935,149183,5798,690,833,2815,230,5211,0,1,1
79949494,1591508,7724,2804,22439,24605,5060,112998,0,1,1
83868379,187749,38,32,302,19,16,573,0,0,1
83737717,109820,411,178,2799,196,487,4685,0,0,2
83217401,343758,696,469,3372,1473,772,9045,0,1,1
83723850,97182,1160,405,4074,609,1801,3869,0,0,2
83583317,70296,622,214,4655,1249,486,7288,0,1,1
83630104,64996,1727,266,4427,2451,636,2999,0,1,1
83822372,168846,93,201,868,91,184,871,0,0,2
83211551,739661,569,1488,1272,40,484,2132,0,0,2
83304395,157243,436,336,3544,1809,332,10094,0,1,1
83608205,42517,571,894,4732,1332,807,4402,0,1,1
82974263,249315,7285,1705,29027,31854,6835,28241,0,1,1
83625865,96004,1764,358,2208,1135,350,4632,0,1,1
81545369,1491046,2689,1304,10555,1365,17797,20162,0,0,2
83911645,140516,45,87,116,17,39,748,0,0,2
83759278,57527,2068,295,3820,1335,1217,3601,0,1,1
83517025,134703,9,43,153,3,4,1150,0,0,2
79837091,80006,3764,801,10689,12130,851,15565,0,1,1
83775294,38281,1417,281,4546,2641,1184,3530,0,1,1
78873034,778232,1869,924,44356,38464,5251,49086,0,1,1
83142270,124465,710,126,952,253,69,1772,0,0,2
83698736,127404,862,464,435,67,346,893,0,1,1
83399650,115127,270,220,3589,613,1078,5542,0,0,2
80549942,17922,1994,445,5241,8330,360,9242,0,1,1
80422361,21003,1658,383,5444,7422,312,8937,0,1,1
83765209,112512,54,170,1389,423,262,1949,0,1,1
83616049,37950,520,159,4153,1038,390,4788,0,1,1
83366080,159025,309,585,7007,1252,1089,10968,0,1,1
83841734,171625,462,321,3148,171,992,1614,0,0,2
82798558,462148,842,1438,18060,5222,2362,26464,0,1,1
82821845,159367,78,144,645,57,27,1362,0,1,1
83259064,266024,160,296,172,15,13,1524,0,0,2
83553127,74683,216,328,3704,564,699,5643,0,1,1
83237142,87929,644,262,9084,3159,782,10531,0,1,1
83140035,214852,1269,1204,18789,8180,3287,26485,0,1,1
83716877,114610,16,19,72,9,11,703,0,0,2
80168679,27815,2111,658,7685,10540,968,10979,0,1,1
83345622,399331,11315,2128,3855,8277,2970,28273,0,1,1
80386335,23293,12834,402,5573,7913,383,9259,0,1,1
77916817,313457,491,413,9583,4582,4811,12369,0,1,1
82791298,204536,776,1012,15997,3031,2547,16487,0,1,1
83336561,53900,202,153,2621,547,241,5800,0,1,1
82925493,116444,1345,680,12465,5808,881,12897,0,1,1
83566130,123650,484,518,1086,437,953,4332,0,0,2
83032968,337135,1089,431,1946,576,631,7666,0,0,2
83465167,37967,569,297,2966,1595,163,3782,0,1,1
83611505,68625,81,154,1620,72,67,675,0,0,2
83783335,49856,2962,323,2809,301,575,1326,0,0,2
83009525,181504,1091,668,9935,1903,4582,7615,0,0,2
83538516,23242,1272,361,4455,3703,518,5203,0,1,1
80862156,485276,5230,1916,62799,59726,15514,75152,0,1,1
83642465,18438,3728,362,3438,2771,323,3579,0,1,1
82282706,1119682,1787,2090,16652,2338,15211,25385,0,0,2
83643760,19204,447,103,3782,373,70,1460,0,0,2
83820917,45117,170,103,2992,177,200,809,0,0,2
83952625,85379,749,393,967,1144,138,6699,0,1,1
83229882,255805,1434,597,862,94,2195,4386,0,0,2
77992753,3113601,14207,3814,39531,5931,61513,51580,0,0,2
83642017,45325,5655,1121,1909,5151,589,5137,0,1,1
83731391,54829,161,124,2380,138,229,4516,0,1,1
83411791,157912,690,384,3765,7683,240,13161,0,1,1
82766716,3246794,7583,4517,245834,328481,34429,371195,0,1,1
83702142,685858,2848,1123,19312,67181,900,75927,0,1,1
83699107,763719,6013,1759,14469,56173,739,68920,0,1,1
83676180,420969,2481,1263,26350,44066,9349,54535,0,1,1
83448488,425120,2325,1137,18809,19636,6458,24202,0,1,1
83466442,1757219,2731,2616,8610,5562,2618,36081,0,1,1
83571038,1144394,1804,1261,7766,7027,1822,43219,0,1,1
83581738,579593,602,984,8933,8806,2748,17769,0,1,1
83579975,415905,1462,725,14971,7339,5076,18541,0,1,1
83692422,475214,7000,1885,7261,38668,1424,59122,0,1,1
83380969,714232,1437,855,14229,11099,2930,24086,0,1,1
83515793,701773,2016,1194,6145,6739,1401,19594,0,1,1
83680678,524524,3512,1207,5375,15141,1082,34433,0,1,1
83890846,455236,1412,936,9614,24907,2535,34521,0,1,1
83526080,249742,764,1185,12321,5741,6477,18458,0,0,2
83759627,171759,296,427,14988,14200,721,22530,0,1,1
83379739,217921,887,674,29445,17606,2739,29558,0,1,1
83357025,629504,5897,2508,16750,27369,2765,49527,0,1,1
82828366,3002170,5756,6761,43081,11734,8538,118150,0,0,2
83729601,670583,1743,748,4679,6010,886,41698,0,1,1
83916103,528588,1719,738,3203,2517,547,27327,0,1,1
83736161,376187,4548,5814,4453,13111,894,23848,0,1,1
83506596,642057,10705,1243,6322,17948,1647,24041,0,1,1
83878938,466734,1990,843,4181,981,598,9348,0,0,2
83767932,92842,347,416,16785,9170,966,13543,0,1,1
83478884,283926,5226,1347,16716,6508,7077,23682,0,0,2
83779363,237382,2382,821,3124,11106,175,26898,0,1,1
83462959,265029,2726,1184,3768,1421,215,10562,0,1,1
83538271,203492,1687,503,6225,1254,616,4882,0,0,2
83561746,111365,579,619,8862,7648,1558,10367,0,1,1
83432349,235648,165,242,2657,3579,718,12156,0,1,1
83689860,307987,551,763,2175,1142,425,7218,0,1,1
83253315,387777,641,738,18808,6862,1371,25877,0,1,1
83799332,277606,1395,496,1089,1966,300,16546,0,1,1
83069899,336554,4298,525,7415,17421,1352,31120,0,1,1
83304789,434288,6649,2653,18982,29464,9403,34917,0,1,1
83389496,393649,1505,432,2994,2935,119,34370,0,1,1
83682141,253863,2273,3605,1100,3053,160,13655,0,1,1
31889737,411636,1515,1060,21798,18943,9251,21432,0,1,1
71287609,5335477,70724,20438,80624,38735,78019,176568,0,0,2
71516555,931621,1021,1777,205584,78843,5883,68647,0,1,1
80248420,2768457,3960,7297,56943,48215,8805,111924,0,1,1
83540467,388617,2243,995,1237,1691,208,11441,0,1,1
82975465,600684,6088,2585,24069,32733,13233,48487,0,1,1
83546820,136323,600,706,3574,6057,691,6440,0,1,1
83864238,206636,650,1391,2563,3072,4525,12930,0,1,1
82838613,181474,1272,591,2495,1775,472,4613,0,1,1
83378198,362727,974,1168,2984,4881,3672,13128,0,1,1
83340409,236444,586,556,11114,21252,1778,25692,0,1,1
79674288,1817171,17017,2158,108077,137905,18525,217580,0,1,1
83658062,203955,102,304,1342,94,481,4059,0,0,2
83224266,173904,2590,795,2333,4130,1283,8780,0,1,1
83978787,142376,1680,1126,3714,9514,2270,16225,0,1,1
83537981,72230,3518,1651,7265,9044,2882,7467,0,1,1
17514075,212039,631,1200,5363,10083,1512,11860,0,0,1
81424404,540801,1229,959,50228,58350,5531,62393,0,1,1
83739118,191579,213,194,1184,972,782,6163,0,1,1
78787468,2461620,3353,1337,158491,92794,29265,174085,0,1,1
83632175,182253,1056,275,650,1840,69,7403,0,1,1
80751727,1555985,2125,5259,4,9695,434,418,0,0,2
83327212,255950,6378,996,6030,3863,765,10313,0,1,1
83465972,403976,5718,2281,2554,8656,2674,32573,0,1,1
83422210,165064,1309,722,1385,682,778,3903,0,1,1
83442115,109498,303,254,3343,6925,347,9165,0,1,1
80612818,2278513,18937,7715,282900,462284,66540,348767,0,1,1
83242299,972760,1488,6698,1558,1218,202,11770,0,1,1
82586797,1477430,8270,3274,19257,26314,2032,81103,0,1,1
82290606,3116680,873,2930,18931,9781,1585,194721,0,1,1
83912470,142904,389,327,2294,2184,601,8268,0,1,1
83697291,168300,334,163,476,590,135,5264,0,1,1
83385485,228877,1278,977,2341,1189,583,14433,0,1,1
83565822,166353,118,227,690,345,143,1489,0,1,1
82346558,1868165,7955,5861,114052,186987,52471,190827,0,1,1
83583998,136736,513,234,1300,1630,2003,3882,0,1,1
83640931,183020,44,290,69,3,8,434,0,1,1
83722764,121781,1099,334,1302,5205,106,11007,0,1,1
83832435,64939,285,188,4967,2902,442,6224,0,1,1
83171159,274323,74,189,627,77,12,5248,0,1,1
82615048,327507,3649,688,16722,16601,5094,25429,0,1,1
82783329,638483,1132,780,34792,38127,2066,50660,0,1,1
83498907,140059,829,1224,671,231,79,2703,0,0,2
83713195,101107,1169,1533,2416,6925,675,7095,0,1,1
83375958,186385,31,44,55,8,4,202,0,1,1
83713500,155195,62,254,603,221,20,1264,0,1,1
83845732,41895,132,123,5781,1389,265,4771,0,1,1
83716362,156110,113,353,378,86,74,1880,0,1,1
83833732,128120,937,583,1265,1325,617,5511,0,1,1
79131438,1056768,10352,1339,58848,36459,10638,68144,0,1,1
83841997,131445,375,375,613,2200,195,9541,0,1,1
83572227,93468,780,471,1694,3966,181,7391,0,1,1
80439547,2126182,11443,1475,15853,44598,2979,238021,0,1,1
80623661,1553680,1479,1431,23319,16528,5794,63577,0,1,1
82395202,122599,197,204,767,256,1165,3235,0,0,1
83995350,139308,3392,912,925,1279,659,11322,0,1,1
83740316,45622,244,199,3981,3220,518,4900,0,1,1
83881597,130358,200,616,462,93,905,3168,0,0,2
82791659,200964,190,209,902,96,61,4283,0,0,2
83533071,146832,10,56,564,41,83,1264,0,1,1
81080438,770642,2437,908,46520,15639,4055,52278,0,0,2
83295041,468745,5350,7160,1993,9069,422,17740,0,1,1
