aid,coins,play,pts,review
83697364,229104,2606866,5034692,6198
83504357,178187,2564533,2325147,30296
83699879,183957,1094069,2281753,14115
83422239,72126,1730708,1989975,9860
83906533,67993,590215,1174921,2438
83613340,36156,1115910,1083248,2021
83673508,20302,840331,857300,13756
80849923,35522,200703,810536,3951
83755738,23138,304987,746887,685
83647477,15729,279625,727522,863
83285530,4914,522735,693927,1198
82738885,18930,299742,676389,1570
83094242,9961,453820,668670,860
83683604,9404,561581,663234,830
82976636,21218,332025,614125,913
83330868,11472,415864,578457,859
83681660,10921,226209,572078,754
83540941,13651,558383,566500,1324
83776204,30958,175556,565948,6536
83805672,18896,265564,553000,462
83518206,30234,353411,546378,1539
83470839,11687,251151,509804,861
83265639,14349,229999,435684,958
83702902,12664,223022,421232,1199
83667579,18416,164965,414654,2065
83957485,19307,180610,404770,994
83337692,22796,158516,394323,472
83097729,6919,260007,374328,11350
77242567,14547,124826,373312,298
83764373,11274,201357,369300,192
83800507,10618,280063,366264,1074
83574498,6266,266489,361983,376
83442210,7739,139301,358693,243
82473138,6525,151205,356188,334
75169619,12287,134750,348240,658
83448238,1637,372405,336912,397
83740989,4529,111317,327932,285
83572048,10477,127710,327401,3278
83883005,5634,118140,325683,631
83752212,3055,233148,319963,89
83780855,5467,207755,313124,320
79126156,14920,130498,308003,376
83790361,3670,233506,306678,478
83519974,1737,217318,304610,1180
83325225,11316,80948,285181,945
82508014,8248,142228,285065,520
83841473,5265,184654,284084,124
78273046,5396,122632,281693,1983
83223951,6430,124438,280277,447
83740712,1868,208650,271454,428
83573851,7979,190930,266155,580
81507945,11155,88949,263704,619
83553025,5830,114649,259678,408
83568756,1927,154706,253787,574
79906468,7087,85168,244055,460
83473712,1534,153258,241587,138
39425207,7522,91153,235950,894
83634368,5033,167206,235509,1257
83398082,7010,134672,229311,504
82683537,6914,110433,224431,357
83899298,4573,168612,224060,8864
82079608,5614,119807,222348,507
81926477,4262,99475,220398,382
83547828,2753,196442,217244,1596
82009420,5493,97768,216565,664
82567937,3250,108305,215792,1252
83789352,4019,63842,215581,657
83735887,1330,93014,214920,154
82300809,2297,149038,209216,98
81844032,2728,123624,209088,516
83073398,6450,84359,206898,190
83309428,4920,44287,206323,126
83474778,6601,153264,205746,1151
52026743,3800,119369,201086,690
83544952,2013,146436,200089,169
82134612,4011,93923,193494,259
80474667,5899,70105,191394,251
81303286,2060,151767,187446,146
81588796,2496,101566,184329,1311
82761114,5900,68550,183525,471
75467710,2481,110122,183394,854
83834165,2679,84258,183090,119
83912690,5104,65903,182814,260
83365275,1556,109417,180861,435
83720147,1575,151412,180275,314
83187924,2703,141054,178984,192
79272755,8241,62038,177751,1181
81339241,2183,125539,175673,230
83196435,14030,114394,174623,265
83906719,7049,86558,174530,361
83200140,4070,58603,173895,179
83878621,11047,70129,173650,976
83450606,1979,90334,173060,243
81821077,807,142052,171978,162
76450312,6482,72818,170944,442
83842977,1952,132353,170167,174
83629008,637,125134,168705,1770
83697950,4122,81272,168477,164
81899533,4256,86833,165910,139
81664816,4006,51255,165867,345
83593642,54943,293884,785866,1725
83328134,8573,313396,512103,977
83700483,9573,478268,461730,1869
82807944,3490,272739,340358,1752
82570805,4357,92331,266142,216
83857329,6729,102914,251353,489
82713853,5700,110184,235314,190
81804927,1361,153012,215365,487
83346215,5761,131422,210457,217
83794429,2146,103107,185725,235
83355223,6327,122615,185145,220
81573037,3436,59449,132499,101
83432515,12,138766,128076,108
80983081,5426,52320,126160,214
71601833,1599,93687,122605,128
82696444,2721,44681,117153,205
83745377,1543,89880,106306,241
80995223,675,37668,99743,825
82548584,2631,41077,96047,164
80275194,1717,44340,84177,51
80136937,1728,43820,80752,211
83419049,1999,27866,80499,610
45973690,1705,35569,71533,635
83495907,719,59946,69239,342
83676067,1693,33923,68898,443
83652223,584,62851,67664,595
33150931,48,59685,58174,88
70859103,691,38355,57286,258
80821264,1225,21585,55272,52
83737568,193,50986,54941,30
83611998,1205,19774,52137,175
81457688,579,42387,51780,296
81843519,1266,30067,51275,105
77937578,136,33142,46449,41
50409954,3,50768,45846,2
82243171,720,23905,45334,13
81685929,1564,26524,45215,84
15296402,7,49599,45074,15
83509601,40,47197,44475,68
71565603,778,21922,41775,87
81865219,358,35881,41446,65
83698368,551,28792,41064,165
41048301,443,27731,40940,339
82906512,952,25999,40551,54
81726496,264,30632,40411,114
81724657,246,35839,40037,19
81842793,1340,24827,39111,132
83569653,1449,29895,38608,309
80082886,188,24974,38214,23
83856887,151,35829,37834,53
42169792,28,39955,35959,48
29016659,104,31630,35553,79
83123541,1528,17278,34619,78
81484374,417,6422,34331,245
83039375,52,31232,33945,30
73414180,665,17337,33848,32
81631256,80,32097,33518,47
76559715,1156,14753,33271,96
77540232,574,13992,33167,72
82815448,29,35365,32992,47
81259784,98,33004,32780,73
71045160,563,14903,32704,44
83987369,287,30094,32488,109
79935157,327,23572,32222,32
82760258,102,30822,31054,97
83923803,306,17351,30527,368
82605337,345,28657,30326,221
81516449,359,21733,29020,30
83267572,238,14346,28811,79
81920663,95,26167,28731,15
78935442,188,18421,28682,34
82913645,186,25003,28218,25
76431087,172,11372,28145,42
60880007,369,13580,27285,62
82064362,155,18642,27172,33
79070585,416,20762,26970,317
79749856,53,22908,25317,21
83471715,266,19598,25104,31
82978670,47,23872,24535,47
81606400,7,24554,23233,11
76540057,455,7388,22809,58
81658916,261,12092,22552,52
83772759,207,16348,22503,147
83538054,146,12947,22458,232
83745753,435,12560,21606,77
83681674,16,22667,20999,46
78912279,172,15147,20808,17
81417175,190,15351,19785,197
83954984,523,6632,19744,1152
77716483,131,14047,19637,14
63760741,86,21145,19010,49
62284484,131,19083,19009,40
73865859,110,14683,18455,37
66827555,345,6234,18250,485
32610975,2,19890,18090,0
83770573,275,9752,17886,97
83075773,2,18905,17464,8
10227864,219,12693,17357,401
81163163,524,7110,17108,34
82493428,95,14519,17038,18
83482660,61335,675696,1501693,2393
83307047,51929,593710,1399278,12207
83422028,17072,504255,784605,2953
81000061,39370,178270,727158,2330
83500056,12353,439013,681138,502
83803854,26541,129618,653904,1194
80128837,16234,174069,625179,557
83816199,18735,250846,475546,2436
82724544,8386,251099,446492,5235
80702836,16674,162578,443591,470
83276582,4644,341961,442502,461
83462504,20036,162854,417781,821
83735098,10286,303855,409492,886
83193619,1172,309013,386683,858
83896647,13769,184539,381798,1191
83455107,13329,79584,360512,821
83341369,10727,145753,344930,454
80964216,10128,123165,321786,338
82014020,7829,156516,321762,436
81160313,9868,88470,301604,440
83602606,2648,266420,299628,574
81084520,13048,105897,297589,496
80697473,310,307855,291451,129
80929385,6397,175397,286242,851
83534401,319,252691,257023,290
83795543,11428,85349,252380,1099
83834232,10058,78111,232813,828
82471245,72,261787,231672,121
81437161,5581,106030,225482,183
1250357,6836,124073,224517,737
45031807,1347,141180,221925,99
38571069,6528,68131,219660,358
82775245,5872,74573,208149,66
83735720,9778,116972,207939,476
67439251,5764,101099,199686,409
79240553,5435,75394,198356,139
82927321,4282,92162,189873,123
83774561,7781,38331,189087,381
83765590,10802,122055,187846,3816
82331929,5001,101486,187383,409
82093827,5591,104992,185880,346
83828800,6845,41816,184148,310
83910145,3487,98644,179515,350
82741699,4398,68008,177266,1622
83725248,9010,49212,176487,1456
83686113,7051,57869,176263,468
83096707,1641,138320,170985,291
76088106,1302,87671,168513,1008
81650230,378,134339,165867,122
80169175,2029,59077,165749,362
64812845,1984,85860,165289,630
78996367,849,125213,161746,180
83511426,7987,108640,159186,714
81162680,48,169286,157459,137
67095143,1604,85611,155103,554
83394210,107,149165,152107,412
81753697,6971,84654,149238,183
83574920,20,160174,146641,117
83989002,5430,43583,145776,316
36945064,999,93491,144743,2016
83244250,4255,76630,142042,185
82591115,101,147549,141906,911
81002325,4276,24855,140607,1145
80108309,5857,57372,140561,875
73651064,4750,80064,139909,207
80110777,4349,82751,139638,84
80985232,4817,59435,138990,368
83870480,5174,39984,138697,267
31312340,2802,60000,138511,981
81093863,2521,64119,133192,157
79193589,3145,64767,131951,82
83564795,3164,63409,129966,245
83839472,3439,56947,128722,309
78245445,1404,53658,127511,239
69481948,854,81974,125663,915
83874383,444,77047,125489,372
83641073,4364,51576,124493,279
75965449,2137,76112,124403,1009
83540760,3741,62411,122533,362
83642402,3809,59641,121590,10439
83862726,4492,90820,120634,448
79016506,5140,74525,118954,208
83528744,28,119163,118233,75
83693987,3827,27733,118230,266
83019019,998,57658,117836,276
83683501,329,112212,116348,148
36570568,2439,60382,115978,339
83356696,390,92414,114342,78
80321221,1931,79181,113995,22
83630934,2915,61225,113952,139
80941306,3451,53662,111550,153
80323702,742,41456,109406,107
77680413,3337,56777,108355,347
82239830,803,67719,107510,315
81391529,3426,41718,106291,100
80081842,2888,56642,104639,108
83347316,3667,30366,100975,285
81674534,3980,42073,100734,123
82872373,2249,32849,98106,199
83889836,912,76367,96529,540
83711136,12566,471296,1018887,607
83704889,17785,613209,840302,1959
83587000,3785,329548,592569,203
53851218,5512,425307,554272,2055
83424274,2433,491475,473701,646
83564156,2415,327195,410435,320
82837041,1784,279470,332088,1065
83326442,1876,222982,317466,698
83884552,13079,221929,299624,1953
83450119,3377,148779,292198,155
83797309,2061,111169,243399,127
83810795,12970,124502,222512,734
81232875,2813,152596,217794,300
83435844,1432,127026,215675,44
82351250,1431,168839,203981,410
78441309,3139,134380,194973,836
83504715,2844,136193,181939,315
83657624,5081,75824,174007,346
78015608,1358,109353,169724,1260
82868318,720,136137,162829,63
83684891,989,65426,153091,93
80749990,4961,95014,149634,248
83528168,8183,78605,146437,466
71816014,814,109578,143694,347
83566242,1921,98056,143389,178
83910440,1059,74956,140811,144
83683348,2469,58547,137422,118
83471258,593,52065,130056,89
83798474,2258,78226,126341,247
82167088,4617,49619,120190,258
83721351,71,106792,118727,242
83687317,1350,72212,115239,184
83136589,317,91950,114800,47
83833400,1117,44146,109878,138
83543668,301,61853,108853,13
83376276,1661,81666,108227,196
79629447,231,82030,103878,57
76521911,1179,20387,100506,26
80756558,1380,49765,99983,48
83907768,1536,37020,97101,67
83400718,491,62576,89210,104
83693892,297,58087,89137,146
83231746,1399,36375,88393,125
83670992,782,32190,87719,81
83833325,882,34224,87485,65
83604335,478,31199,87286,27
83628748,2002,61882,85734,879
83543320,1303,63328,82225,841
10357547,192,57584,81544,311
83709108,720,69639,80832,175
83611751,2377,41423,79062,355
83152449,324,54966,76446,24
83376178,381,50638,75931,20
56838232,66,53302,72579,57
82584721,301,27518,69389,75
83125976,22,74478,67819,43
39998869,496,53013,66646,308
83634637,303,20731,65386,186
83642682,288,20907,64335,10
83692115,429,29523,64082,42
83901072,939,24966,62840,51
83176990,196,44048,62394,17
81876140,472,48606,61804,22
83629884,538,23715,61797,88
83622671,380,36761,60996,49
83309263,1174,50288,60172,399
65271440,271,36535,58899,8
70117683,882,39662,58791,208
83070304,67,36432,58660,12
83322979,174,31039,58000,8
83545539,228,25463,57234,4
81613214,96,46747,56464,36
83428007,577,25237,56008,55
83781575,304,40863,55701,132
83515986,343,31513,55699,11
81598224,257,54973,55687,59
83971978,257,18908,55225,22
83424229,77,26937,54383,28
83230728,287,22029,54129,65
83745268,499,35220,53926,28
79922711,20,57738,53363,27
54332101,22,56435,52661,10
83673718,1599,14676,52133,192
81514346,1858,26489,51954,90
83949708,2091,20935,50858,354
76625028,287,32331,49496,42
82987910,330,36908,48546,33
82770852,151,30932,47691,66
77985902,88,47542,47260,11
83055329,219,38432,46457,14
83970482,1300,25525,46347,222
81525375,202,26758,46231,409
83396489,209,34086,45818,50
81585650,656,30013,44753,24
83760004,1243,25521,43834,258
83663974,333,26189,43739,58
83133370,82,34692,43145,4
75852014,271,26531,43095,123
83020602,55,29634,42962,491
83676747,137,21820,42802,15
83484866,51352,3014173,2573016,5608
83681088,102634,2228610,1750316,11121
83730678,56802,2327379,1507098,22799
83756741,169792,817490,1506288,7085
83756069,99286,702006,1422417,1877
83530891,60411,866307,1221739,2454
83652246,84470,900115,1075441,5183
83586600,77622,478602,1065305,4695
82884470,58611,472585,940983,4512
83765265,45761,571920,777605,2784
83625776,18397,819256,770255,25818
83705580,70588,430433,739879,2142
83736872,20019,692021,700258,9384
83545195,38218,279389,662422,870
83497361,25544,434552,650333,9399
83712749,7930,515265,615933,3800
83821561,34476,259327,600344,714
83685986,14681,982346,592488,7683
83842787,11559,885172,581754,5409
83544913,26445,444974,547689,4340
83674512,28498,256583,529707,7313
83676410,16042,445729,519419,1436
83570620,2031,745797,506717,11326
83467443,4609,665614,491026,1051
83679433,25255,344771,489770,9926
83274499,20375,258893,482767,1266
83663909,15338,297797,473163,4632
82724200,14219,235512,455663,829
83698519,12682,403551,452598,900
83872963,33370,246058,441858,15098
83841007,25968,142002,432263,1026
83784127,17492,295747,428863,4994
83707802,1435,424687,413579,1543
83462015,13828,220968,412288,782
83804436,3449,490762,402143,4906
83839754,3751,406334,397412,2824
83562262,10296,254283,390850,2570
83686968,16780,270142,384414,9750
82944594,8370,200595,382940,2595
83911421,13491,250957,359195,1085
83525734,8486,227057,356154,1062
83589009,13735,219468,347844,3225
80993522,316,359762,339256,235
82691015,2594,392052,337009,433
83821008,3172,376422,331361,2072
83754168,9838,215118,316760,567
83764185,4605,282786,309314,2113
83650016,14204,69179,299774,1416
83717917,5791,218930,296687,1862
83559829,420,351829,291884,176
83740894,7005,210624,278681,2046
83644647,4446,209874,264485,460
82969316,4995,198263,262166,11582
83546575,4131,204446,258276,3884
83830438,348,292741,256311,803
83938135,6141,118736,256006,263
83953467,2479,264263,255057,1254
83407844,9732,216718,254676,291
83551680,18727,177247,253134,4661
83417792,4860,206064,248011,1035
83468802,4479,121140,246232,278
83403078,6634,138230,241578,412
83717273,541,205303,240999,755
83721486,7413,181658,240446,3515
83691166,10438,108978,237985,8294
83708660,300,278089,237328,619
83697575,16413,94948,233670,877
83792007,128,268222,229188,2168
83699891,643,247827,228730,231
83159261,73,256343,225455,64
83550102,6445,146964,220777,1066
83681223,657,218501,218986,592
83464225,3377,197632,218792,587
83696029,4754,169286,217588,2594
83628266,2351,215024,217090,194
83673256,83,233677,214632,238
83682284,46,239976,213797,432
83784170,467,232360,213790,1475
83589590,242,212926,211440,18
82921080,1917,199179,210396,207
83839014,3459,151410,210082,2153
83636062,5463,172692,208961,343
83581625,91,223201,207413,826
80053596,1730,165455,207234,344
83436116,9878,79991,202605,508
83505051,134,208125,201448,130
83908130,5698,145431,200495,9222
83704544,6263,166737,200489,64
83679346,7412,123976,200116,6961
83865124,6425,145788,199040,994
82999528,3853,155410,198952,6839
83653415,2030,134042,197859,354
83526382,4457,91268,197526,491
83691496,2953,125600,195361,2915
83496860,3813,140895,194841,180
83673834,1497,126278,194607,2640
83793855,1962,165202,188873,285
83804467,6059,99264,187808,2656
83694484,17218,105359,187100,1699
80565276,5209,66132,185205,237
83409956,185604,795355,1988352,17753
83779134,48549,479905,792576,5024
83743758,1653,1095170,664928,3048
80582841,48688,198450,656396,5617
83612600,19856,518178,651770,1029
83609218,3805,832982,589932,458
82994799,7972,135386,516782,72
83088396,22721,254396,500444,935
83086824,2916,474717,433093,30061
83860075,6512,429126,432573,8162
83667427,406,512300,425404,964
83911287,30802,107700,421543,1086
83759781,11353,209510,407874,3743
83799991,21002,215887,352673,2617
83869709,14023,180917,320937,2072
83667286,3114,310101,318538,180
81551979,19371,140047,299325,767
83831640,4572,268144,298655,787
83373856,6576,181153,293120,969
83410275,7066,233290,291671,972
83211672,2723,89264,285232,317
76747688,2623,99369,271001,166
83647195,1398,260435,264514,698
79633193,1295,39366,260154,86
83637896,1123,119893,257505,335
83710922,1446,217394,253593,499
83725719,15386,156803,247885,2598
83780130,774,236089,247567,668
83744136,3059,235439,242002,2479
83153225,3467,154444,233273,454
83627509,5764,161874,225126,1060
83611605,6405,137950,218314,331
82745357,7276,133622,215762,1062
83920337,13117,126680,214980,826
82865471,7412,102539,208738,482
82841902,6750,124775,195240,638
83333294,2650,189846,194113,710
83870743,405,190339,193305,421
81907067,3029,127175,193148,319
81338388,2937,147128,191776,418
83589658,923,191593,188377,1019
81809073,10300,113339,186164,421
80977473,8859,53633,178923,682
83551198,6267,110763,176981,425
83417519,3688,125220,174640,2419
83422877,28,190912,170038,30
83433787,49,176426,168622,482
81468772,1019,158325,167670,216
83688194,49,166286,152744,93
83483274,1898,59270,152708,79
83593359,28,166992,151514,32
83669833,347,156340,150917,198
83692520,3820,110839,146593,2895
83599890,64,154799,146398,73
76541413,10324,97019,146320,367
83788538,2415,126790,145647,1496
83241550,29,162390,145637,26
83891873,2039,113300,144304,2374
83537165,218,136779,142939,147
83360244,2806,41994,142430,712
83628154,67,143378,140358,306
80960210,1360,74134,138637,457
83690094,8490,51376,136958,818
81192531,1102,41466,136816,719
83590470,886,93436,135760,472
83741353,1155,105855,132298,436
83849319,1073,104006,131593,671
81459799,278,136343,131443,51
83894031,6493,72799,124821,1683
80676421,606,41497,121694,74
83194382,180,109786,121337,204
83071524,82,121507,121122,223
83595336,2500,96971,118953,547
83030557,318,106156,118297,0
83688447,32,113476,115032,34
83642850,2471,71758,113907,433
83737995,4267,63502,110527,293
57300430,34,103594,108065,181
82722479,114,100969,108022,280
81939192,731,83482,107004,61
71497388,356,30477,106992,444
83849480,1837,72889,105274,861
82555470,4,105703,104532,1
83586459,863,97872,103564,214
83681971,352,97209,102693,334
83896072,4904,26407,102345,548
83597053,109,95662,101315,104
83597364,1705,93699,100902,225
80739646,94,96470,99828,170
83422409,2133,73470,98487,920
52012946,1120,44103,96225,1577
4050443,375,46265,95924,824
83821135,1796,77158,95745,507
80905069,600,17639,95616,131
83955084,4279,54217,95157,437
4548006,798,36487,94718,155
83103645,1017,87078,94560,482
83858047,795,94576,93578,414
83668084,1078,88413,92258,483
83421224,629,85848,90635,82
83610795,13529,577906,575820,2510
82577062,4654,608751,527186,1274
83118657,3932,355773,356060,292
83566085,6711,232525,279118,1751
83543091,6870,173923,204323,1503
83799997,7945,107054,200345,1748
81516881,11060,97629,199432,1037
83647838,14,207490,195914,23
83687056,11036,112466,189095,2058
83289791,12788,102524,170545,608
83574398,1748,169801,170480,320
83467674,3888,97423,155290,2710
83704316,8,173073,154451,53
83682686,3082,121263,152124,1728
83747070,607,130290,131629,3219
83610891,9456,41112,129154,1278
83702701,1839,106567,125081,694
83198411,1620,38603,120902,12
83451036,459,101127,112412,187
82884809,10,110082,110527,60
83911055,3261,72257,105066,685
83611564,3781,56721,101165,1062
18183025,36,88146,85370,86
83533232,4767,41680,84306,173
79417704,107,70385,84235,152
83087372,281,88976,83421,152
83802792,2062,58527,78489,696
83212227,394,71952,72191,-2292
83843785,1012,63733,70418,810
83611732,382,65968,67945,365
83988663,2128,32038,67499,639
83140504,16,68826,63923,35
83902597,786,57575,63407,406
83842745,241,62091,60604,31
83835531,119,61910,59963,448
80452761,16,65466,59639,10
80814585,214,45692,56656,64
83883754,706,53137,53496,476
83304940,326,53701,52031,522
81431421,1483,19793,50732,43
83670585,259,43614,48505,117
82605263,700,7512,46805,13
81782724,1332,24464,46772,529
54269405,1697,21602,46301,175
79197707,134,42972,46147,80
80541072,285,42590,45737,58
83687975,219,45192,45480,80
82168269,585,22847,44968,163
83168370,3,47968,43946,14
83254565,180,40404,42089,98
75370637,878,14530,41709,33
82986889,1401,26951,41428,103
80022663,35,41323,40564,32
83853230,790,25405,40499,133
83738746,228,39972,40357,512
83846511,916,33380,40225,353
83564773,400,36226,39948,387
83831262,1896,19327,38628,215
83430362,248,36282,38302,102
82166180,478,12020,38196,17
78126413,1,41737,37788,42
83612197,4,40817,37135,25
83558090,77,37481,36690,95
83551694,25,39065,36382,15
83463909,908,26344,35729,99
83814556,76,36520,35560,51
83584027,346,31526,34271,143
83620333,161,22624,34091,22
83670092,45,34864,33879,106
82983013,234,22961,32799,264
83627916,209,31539,32670,341
37632789,10,33381,32312,9
83669798,184,29304,32186,170
73709102,401,28103,31839,27
83455499,11,33401,31815,29
82368964,433,27735,31692,207
80555001,34,32819,31285,17
81437021,1584,14397,30847,208
83716854,348,27729,30564,273
81006341,365,10071,29926,145
83655005,154,16916,29156,3
12803462,34,24064,28425,5
82712671,349,14000,28413,29
82677547,42,24381,28110,8
83641746,20,30083,28014,38
82053362,79,26341,27691,28
83173808,910,19600,27348,482
82043333,14,29139,27134,56
83628640,11,29431,27042,35
83481481,572,12700,26992,175
83542038,184,22189,26813,88
83123910,2,29317,26595,52
81466329,719,20290,26551,80
83444359,12,28587,26468,20
83558482,10,28619,26466,15
80375712,14,27419,26266,12
82856333,11,28858,26226,21
82583210,446,17856,26134,32
83489243,235,17683,26074,42
83684483,194,20133,25944,84
83913140,349677,2270394,3341752,40771
83765790,293465,915902,3101762,17351
83402441,69189,1934832,2684112,3688
83743079,278298,2349409,2313608,54043
83837579,127720,787138,1396755,11055
83762795,83726,1012341,1284029,16571
83740816,26399,1151016,1253597,358
83633416,58718,1020560,1224604,19353
83984913,74483,1165570,1193862,2675
83510881,5968,1045083,1148101,575
83560176,60724,1243078,1086945,13681
81417721,11379,698099,1065495,2945
83815677,104170,722584,980219,2127
83701473,9297,442703,979003,432
83561755,7822,579337,968240,3874
83758914,57278,723487,953854,7362
83680618,38707,911161,927682,5205
80856554,24289,543303,920555,1093
83494294,8974,574936,894458,2655
83670176,41470,787393,886938,75614
83575266,82804,474406,869752,5491
83611008,29517,1016126,855919,4153
83703259,24651,489764,854026,1183
83577196,3493,1184630,852397,615
83541127,30239,1249725,849875,6017
83667340,51559,348576,848635,11565
83846108,32171,697929,841067,8598
83576507,19204,563914,840735,23861
83706327,41450,749024,839295,21818
83832965,30027,488275,805124,957
83275851,55392,461281,769105,3101
81234736,4776,593171,764513,1716
81431485,26502,404541,760148,258
83740208,2782,646966,739819,198
83452180,18046,1166185,731946,10068
83611016,19489,462419,719541,1676
83458040,4838,1283173,719099,2478
83575591,9179,357385,714187,988
81394266,11144,422909,709774,848
83829075,7739,1479197,702931,6135
83115815,3343,1190664,702484,2502
83570936,29619,444296,702333,5391
83668408,16508,1127219,691800,14441
62162985,5932,794863,687425,2314
83491490,55570,412821,687087,1211
83747618,15444,847541,674967,6519
83562875,60751,337559,662310,14167
83813024,20695,779158,661027,6621
83498012,1835,449034,660921,658
83849786,26289,627839,659256,8575
83650546,3175,1027214,658757,1479
83834515,12243,939268,635668,6868
83774736,6728,644804,631073,498
83225818,2555,542302,625649,867
83676045,1060,682333,625376,1049
83317735,28737,310494,625299,6633
83683357,2377,634993,624187,214
82410265,7938,378287,623225,1564
82817885,3313,424786,621802,208
83911729,34374,469931,621033,6879
83670595,25389,639270,610225,4170
83722089,455,840272,600993,767
81569977,1769,652430,598066,2116
83189427,29992,455872,597475,2058
83476428,112,1247770,594136,67
82884072,3265,428876,593287,234
83472467,1768,813555,593038,1137
83684633,4603,507411,587923,653
83660943,47348,441887,583203,806
83958979,17263,429433,582274,7312
83470763,27849,443679,581075,1351
83244685,8729,610438,580526,2197
83700934,27963,230209,577736,14612
78854899,104,916533,569879,175
83802516,802,755337,563624,171
82746718,10842,468038,559805,2335
83917997,25967,460753,554432,5720
83412833,7759,404897,547712,336
83833609,54832,210260,546718,2114
83766327,12949,554309,532557,1898
81248235,64876,312187,530448,1424
79619931,924,579149,525525,120
76728524,1671,525786,521764,1146
83700870,442,726490,512592,1471
83548369,857,750193,507442,330
83315604,90,727181,503998,68
83932271,13253,496635,496401,11784
83415865,1491,312418,493254,372
83683363,11610,451410,492383,3195
83753869,2245,359225,484908,582
77692111,1829,371521,483709,2136
82858049,283,561837,481745,490
82238500,1006,488802,479129,144
83531506,22710,266794,467575,1265
83559027,29531,317788,466684,4330
83683989,15479,492181,463215,877
83032939,6291,361269,458863,24758
62260979,1980,394232,458002,818
83319203,644,658915,457115,563
82611670,1236,371499,453708,819
83466664,26754,699558,1007726,3072
83598380,24444,414413,827539,935
83495619,22807,360895,698991,1194
83545641,27977,399259,654455,3997
81559276,14045,446541,639422,1052
81474544,21018,222248,580907,1327
83797578,17375,321765,576384,1299
82282865,13519,317281,558532,1586
80860211,10602,335736,557207,501
83130733,16544,320007,533362,876
81478684,7103,418806,518341,1055
83763845,10113,285240,467399,1667
83143883,7764,301838,464087,555
60731116,14205,192179,424509,1016
80074265,7599,245425,378246,922
19390801,7319,256637,357140,1218
83344008,3045,217001,352849,631
78770420,5949,153174,333131,492
83536085,7036,172148,322262,798
83673006,21379,157182,315861,1718
82849279,6583,153262,308088,1465
80899952,10737,142363,307490,460
83475633,11480,114118,300310,452
80744282,9136,146273,298780,1643
83520255,6967,165509,287781,930
83679290,9672,178876,281917,1309
83764505,1601,249207,276667,309
83531726,2550,146960,272038,350
80669491,5312,155333,259968,273
83911053,14413,83573,259140,837
76845612,3765,179113,258548,303
83984139,12863,96826,253876,831
81904353,7594,119145,250414,489
82096856,6121,114927,237649,261
79305452,4350,137720,235354,342
79162789,3727,126905,225200,92
83701382,2351,132437,224582,822
83525330,1105,159832,213490,762
81622593,4112,110421,203248,273
83593918,5944,119658,201614,539
83264917,6877,88331,194874,268
83696858,4454,109372,190381,430
82654052,1874,120087,187388,248
83766657,4051,99149,182233,1563
51532753,1121,110955,180141,908
81143981,7032,73804,178179,446
81712302,2143,102110,177745,330
83610830,2200,103186,177400,347
77603542,697,141619,174010,146
83809477,6810,71395,168726,640
81489586,3235,101227,164813,223
80853433,2348,106625,163556,548
81554560,1821,102203,162711,401
82580545,3217,87662,160875,261
80480032,6005,75188,159534,324
83609877,10081,80524,159318,568
80721495,5555,74222,156477,173
83168710,6252,73581,151653,407
68740307,2550,93680,149791,463
83786330,3998,101181,148735,740
81384275,2293,66848,146506,266
83722518,4335,68844,141477,1068
83058835,2123,76442,134168,99
81622186,2769,79381,132928,464
82189242,2389,78363,131670,240
83384735,725,107498,128758,65
83744512,1708,79346,126518,170
3327562,2223,81163,120879,606
83928481,7059,24512,119228,440
82341998,920,97752,118458,104
83107643,1445,75625,117301,145
79208186,1526,77534,112426,162
18193325,1436,84122,110457,360
81448470,849,78899,106130,40
81494073,683,86579,105377,169
83602480,2154,58171,104984,333
83302195,3309,50702,104722,89
81150562,1857,63943,103868,155
2271112,1418,74412,103857,145
83619625,3721,62087,102229,268
81638206,3515,49711,101375,299
82621377,1496,64126,101229,143
83231433,3337,59001,100910,91
12903265,1504,55145,99312,147
4606803,1026,80664,98920,137
83547250,993,63165,97321,292
83202479,685,68358,95926,228
81183290,1546,54305,94566,652
83757492,4489,44661,94459,138
77657287,1843,68136,93021,21
82588122,1955,49480,90196,150
84001672,2545,34857,89537,165
80428542,1233,54804,89462,92
67701855,1304,58623,88565,113
9505347,1109,70931,88418,118
83680668,1425,55521,87853,444
83817073,4773,32447,86045,224
80259455,711,60847,85151,194
78959036,1031,55381,84301,93
50941399,1147,60019,83929,142
83908288,60470,367126,1184747,4135
82978091,8577,167421,791818,400
83910610,22352,760106,670031,8162
83547453,5713,201908,587306,831
83396559,4110,170056,470464,225
83708093,7154,212221,422041,1870
80038899,3450,67180,404607,1211
83835400,4476,57364,397044,595
83841532,1593,400336,390001,458
83788604,7430,302793,344661,3764
83938711,26794,131290,314207,3755
83932786,12756,231376,310591,3481
83992931,12598,152007,301933,2080
83927205,4136,254729,282470,2032
83671597,12995,115577,255443,5703
82555053,1357,41221,252955,42
83681216,2129,111169,238248,3465
83680038,1447,122463,235319,203
83542451,12705,139600,234720,399
83783598,4671,189036,222149,3125
83549546,4638,78077,217890,785
83487527,175,203506,200100,162
83507547,5003,158683,195978,9341
3534854,244,101554,195512,1827
81298167,3455,133055,190384,197
83526452,4928,95005,187249,233
83544253,4530,70754,181395,970
83387318,2557,169220,180643,406
83384485,3410,33287,178790,149
80895599,311,39663,177705,52
83541370,1724,71203,174906,145
83242651,625,75548,168269,105
82697674,4310,111950,167938,1247
83700737,1716,153063,167138,885
83565613,3350,126672,164906,1647
83872666,2512,111699,160055,317
83698250,3996,91287,158535,1413
83894540,2834,61457,157328,258
83804564,1110,97684,153701,121
83409215,603,109063,149942,100
83566044,461,99538,149803,178
82254141,60,150199,149478,281
83774385,6,168457,149449,7
82533537,857,76511,143328,98
68455342,453,30123,139825,259
79723878,2454,60221,139462,828
79989105,2458,85684,136771,642
83561935,1470,57361,136696,150
83596261,1803,103797,136109,982
83699166,1635,89364,135853,857
50314054,171,51688,135823,1067
83839400,3224,83614,134549,1334
83694131,5678,72198,129018,1571
83571116,3559,79034,125856,2575
83679365,1920,43245,125712,487
4489689,185,48014,125404,798
83542860,1235,34645,124268,158
83779617,2570,69179,123095,859
22227629,297,46176,122609,1195
64672371,501,59100,116494,59
83567333,2324,37136,114372,264
83410544,1649,32332,113041,41
11395090,459,37343,112755,233
66663958,304,22884,110735,107
83847958,4367,65272,110189,596
80723310,136,95755,110111,58
81438458,59,106730,108264,29
83611209,7,104871,107604,133
82818299,692,22173,107444,9
80982522,3911,51619,107022,348
82999937,652,64053,105222,31
83436998,424,50717,103984,188
83764031,2978,65769,101660,1928
81675520,332,96379,100491,189
5407024,136,49222,97670,667
83818230,670,77441,95596,187
83431548,561,41835,95162,99
81028111,647,71356,94776,221
83096876,88,96638,94330,66
83183481,362,69228,93811,45
82774310,421,72578,93639,145
83886087,2173,62364,93599,1332
82825541,418,55612,93074,129
80726327,696,17425,91713,38
83778806,2334,63333,91700,611
83957917,2618,71730,91562,1139
83281024,1014,21708,91268,44
80692066,576,39781,90713,73
83468379,195,89392,87628,268
83784785,4310,55417,87100,2068
83816379,2744,48453,86767,1034
83688704,119,83545,85998,2478
80031231,509,40100,85073,16
71068184,828,32571,84341,53
83624966,4877,37087,82555,292
80052153,984,21660,81229,20
83339840,2174,59478,80407,370
78978921,356,27807,79831,9
83842075,18,85185,79076,23
83553571,320,61713,78862,78
83819126,131673,1603671,1746958,38087
19377766,8031,330531,1249173,7965
83847168,6960,551363,671806,26929
84021218,9009,469694,589855,59549
83713899,14333,670426,582512,19669
83743890,11478,910955,581531,82984
83396290,3793,642425,455440,3408
83481718,107,646164,450544,88
83753632,485,487323,411496,287
81403056,7901,448293,378961,34921
83836803,2807,221436,307786,1272
83823605,6483,184160,300573,45646
83527237,4222,131514,272799,504
83573360,331,232084,270358,189
83578584,2705,121324,269252,249
83498713,1858,246089,268700,447
83551880,260,288567,266953,70
82943081,183,240396,259067,136
83350297,467,199904,252849,369
83273120,3328,79358,249536,413
83403420,25,264764,228466,16
81826391,28,251884,225001,354
83855839,2788,172476,220686,3284
83890386,1604,174710,217118,426
83443376,2568,49895,213388,228
83253298,2498,55160,197032,889
83195620,473,168275,192025,1179
83183462,1161,85982,186493,288
83561617,846,140038,176451,1
82281202,281,118547,176106,173
83468579,1896,116657,175639,391
83885213,549,57416,174397,3016
79489795,1011,101850,167615,449
83705204,900,172431,167232,197
83525737,422,159568,166219,38
83035701,703,118200,164632,402
83125089,541,147813,160151,311
55557679,49,172311,159182,663
83708935,2791,142824,158371,5756
79949494,2082,113988,156625,572
83868379,17,172396,156202,32
83737717,178,102979,155505,392
83217401,645,130859,154681,204
83723850,554,86534,154498,1037
83583317,1173,66098,152898,576
83630104,2396,61734,152010,1684
83822372,81,150624,151519,78
83211551,8,155639,144487,95
83304395,1124,95596,137784,270
83608205,1296,38683,132629,552
82974263,3775,39251,130794,860
83625865,1067,90781,128400,1674
81545369,139,113514,128387,197
83911645,16,131749,124444,44
83759278,1269,52009,123981,1901
83517025,3,128863,123119,9
79837091,5618,17052,121521,1513
83775294,2360,33184,121456,1302
78873034,2534,53802,120085,165
83142270,190,105523,118621,572
83698736,64,113858,117858,806
83399650,463,70840,117166,190
80549942,6740,10589,116831,1467
80422361,5993,12418,116700,1161
83765209,378,98601,115894,52
83616049,985,35367,115144,499
83366080,418,70183,114884,85
83841734,79,87288,112931,214
82798558,473,70769,111184,52
82821845,35,100447,109067,48
83259064,7,109938,108371,64
83553127,383,55934,107511,140
83237142,1248,30856,106743,250
83140035,1167,35757,105928,287
83716877,9,106366,105781,15
80168679,5433,9004,105100,944
83345622,1214,94424,104018,2222
80386335,5544,8463,103754,3839
77916817,1018,63285,103617,111
82791298,521,39894,102024,136
83336561,518,52218,100162,198
82925493,1410,28057,99540,421
83566130,291,88684,95510,276
83032968,168,89538,93550,200
83465167,1485,35118,93384,504
83611505,69,67508,93219,80
83783335,278,43779,93072,2812
83009525,334,45430,91660,161
83538516,2642,17734,90829,915
80862156,2364,24572,90635,219
83642465,2646,17072,90492,3671
82282706,142,72309,90057,95
83643760,359,17854,89834,419
83820917,158,39106,89332,157
83952625,1026,73648,88776,673
83229882,43,90569,88406,557
77992753,154,75491,88259,338
83642017,4993,39458,87593,5462
83731391,127,48617,87481,153
83411791,2095,61942,87170,198
82766716,70929,645375,1840268,1606
83702142,66377,667448,1014828,2828
83699107,54843,729190,935746,5865
83676180,40992,377064,919677,2332
83448488,18762,399011,734288,2207
83466442,4454,1231971,726802,2190
83571038,6372,1052635,726448,1617
83581738,8490,555887,604929,591
83579975,6778,376821,601857,1350
83692422,37660,454067,601445,6821
83380969,6006,425657,532996,848
83515793,5652,552373,523337,1656
83680678,14253,492196,507984,3316
83890846,16358,312823,465045,979
83526080,5532,224351,461721,692
83759627,12947,156452,461003,277
83379739,8366,110487,430176,328
83357025,11888,298319,425795,3146
82828366,1843,372688,424871,624
83729601,3837,443589,422406,1142
83916103,2032,432391,404449,1431
83736161,11723,326347,403559,3994
83506596,8693,373099,379954,5437
83878938,782,368034,363951,1449
83767932,7104,72284,352775,283
83478884,3573,158671,334738,3293
83779363,10880,232715,307488,2349
83462959,1344,248885,291951,2608
83538271,1111,183876,275086,1573
83561746,6804,98204,271854,468
83432349,3465,225664,269570,159
83689860,976,271685,268493,488
83253315,2360,127267,266317,230
83799332,1885,262932,251484,1362
83069899,6303,181739,248136,1451
83304789,7080,137841,245634,2090
83389496,1778,217815,242894,878
83682141,2924,233687,240998,2165
31889737,6557,80821,237894,525
71287609,434,257224,236948,2047
71516555,3512,48408,234912,37
80248420,3505,154446,221756,192
83540467,639,221758,216489,907
82975465,4303,125842,211783,651
83546820,5732,129361,210208,567
83864238,2834,172494,209993,602
82838613,1651,169798,202867,1213
83378198,2884,180954,202838,560
83340409,7776,87146,198484,192
79674288,5088,92795,194378,1041
83658062,90,195622,193423,97
83224266,3587,152901,193084,2245
83978787,7566,110629,192433,1350
83537981,7017,56779,191385,2650
17514075,5712,116882,190150,336
81424404,6091,47695,182386,85
83739118,896,173754,177191,201
78787468,2667,75883,171821,91
83632175,1811,169943,170058,1047
80751727,794,198336,168835,246
83327212,1477,114550,168787,2277
83465972,2689,161792,168734,1657
83422210,605,150771,163464,1214
83442115,6011,92919,162954,237
80612818,8155,39613,162950,454
83242299,323,180712,162505,299
82586797,2565,114753,160863,814
82290606,413,129558,158445,424
83912470,1764,117808,157745,326
83697291,579,164538,157558,327
83385485,740,133678,157534,697
83565822,329,160279,156829,116
82346558,5676,63210,154611,230
83583998,1548,130289,152959,499
83640931,3,172307,151909,42
83722764,4846,112049,150507,1043
83832435,2600,56915,149375,276
83171159,47,151970,144213,38
82615048,3328,64661,143290,686
82783329,3485,55185,141722,213
83498907,227,137506,140672,818
83713195,6291,84011,140658,1076
83375958,6,153556,138359,25
83713500,206,136833,137018,52
83845732,1222,35495,136145,114
83716362,81,140413,135311,108
83833732,1140,110664,135295,844
79131438,1857,65477,135120,783
83841997,2088,118537,133673,362
83572227,3885,89700,128709,760
80439547,2031,106238,128367,507
80623661,1318,91821,127926,100
82395202,239,110506,122546,180
83995350,944,103521,121716,2755
83740316,2928,40682,121561,212
83881597,85,117563,121356,186
82791659,59,111690,119876,101
83533071,39,113816,119325,8
81080438,1330,49579,119037,155
83295041,2081,102437,118987,1479
